"LOCATION","INDICATOR","SUBJECT","MEASURE","FREQUENCY","TIME","Value","Flag Codes"
"AUS","LTINT","TOT","PC_PA","Q","1995-Q1",10.20627,
"AUS","LTINT","TOT","PC_PA","Q","1995-Q2",9.2537,
"AUS","LTINT","TOT","PC_PA","Q","1995-Q3",8.964148,
"AUS","LTINT","TOT","PC_PA","Q","1995-Q4",8.419457,
"AUS","LTINT","TOT","PC_PA","Q","1996-Q1",8.389683,
"AUS","LTINT","TOT","PC_PA","Q","1996-Q2",8.879146,
"AUS","LTINT","TOT","PC_PA","Q","1996-Q3",8.224299,
"AUS","LTINT","TOT","PC_PA","Q","1996-Q4",7.3437,
"AUS","LTINT","TOT","PC_PA","Q","1997-Q1",7.584174,
"AUS","LTINT","TOT","PC_PA","Q","1997-Q2",7.583118,
"AUS","LTINT","TOT","PC_PA","Q","1997-Q3",6.534975,
"AUS","LTINT","TOT","PC_PA","Q","1997-Q4",6.117407,
"AUS","LTINT","TOT","PC_PA","Q","1998-Q1",5.852667,
"AUS","LTINT","TOT","PC_PA","Q","1998-Q2",5.633413,
"AUS","LTINT","TOT","PC_PA","Q","1998-Q3",5.501928,
"AUS","LTINT","TOT","PC_PA","Q","1998-Q4",4.983874,
"AUS","LTINT","TOT","PC_PA","Q","1999-Q1",5.318139,
"AUS","LTINT","TOT","PC_PA","Q","1999-Q2",5.813293,
"AUS","LTINT","TOT","PC_PA","Q","1999-Q3",6.272424,
"AUS","LTINT","TOT","PC_PA","Q","1999-Q4",6.633391,
"AUS","LTINT","TOT","PC_PA","Q","2000-Q1",6.901983,
"AUS","LTINT","TOT","PC_PA","Q","2000-Q2",6.300913,
"AUS","LTINT","TOT","PC_PA","Q","2000-Q3",6.175162,
"AUS","LTINT","TOT","PC_PA","Q","2000-Q4",5.880219,
"AUS","LTINT","TOT","PC_PA","Q","2001-Q1",5.285803,
"AUS","LTINT","TOT","PC_PA","Q","2001-Q2",5.805817,
"AUS","LTINT","TOT","PC_PA","Q","2001-Q3",5.808712,
"AUS","LTINT","TOT","PC_PA","Q","2001-Q4",5.560726,
"AUS","LTINT","TOT","PC_PA","Q","2002-Q1",6.037694,
"AUS","LTINT","TOT","PC_PA","Q","2002-Q2",6.172283,
"AUS","LTINT","TOT","PC_PA","Q","2002-Q3",5.647969,
"AUS","LTINT","TOT","PC_PA","Q","2002-Q4",5.517885,
"AUS","LTINT","TOT","PC_PA","Q","2003-Q1",5.238139,
"AUS","LTINT","TOT","PC_PA","Q","2003-Q2",5.058995,
"AUS","LTINT","TOT","PC_PA","Q","2003-Q3",5.423276,
"AUS","LTINT","TOT","PC_PA","Q","2003-Q4",5.746692,
"AUS","LTINT","TOT","PC_PA","Q","2004-Q1",5.578812,
"AUS","LTINT","TOT","PC_PA","Q","2004-Q2",5.868857,
"AUS","LTINT","TOT","PC_PA","Q","2004-Q3",5.570985,
"AUS","LTINT","TOT","PC_PA","Q","2004-Q4",5.344444,
"AUS","LTINT","TOT","PC_PA","Q","2005-Q1",5.467404,
"AUS","LTINT","TOT","PC_PA","Q","2005-Q2",5.300068,
"AUS","LTINT","TOT","PC_PA","Q","2005-Q3",5.198432,
"AUS","LTINT","TOT","PC_PA","Q","2005-Q4",5.393989,
"AUS","LTINT","TOT","PC_PA","Q","2006-Q1",5.272268,
"AUS","LTINT","TOT","PC_PA","Q","2006-Q2",5.689188,
"AUS","LTINT","TOT","PC_PA","Q","2006-Q3",5.736325,
"AUS","LTINT","TOT","PC_PA","Q","2006-Q4",5.653708,
"AUS","LTINT","TOT","PC_PA","Q","2007-Q1",5.807896,
"AUS","LTINT","TOT","PC_PA","Q","2007-Q2",6.011781,
"AUS","LTINT","TOT","PC_PA","Q","2007-Q3",6.022596,
"AUS","LTINT","TOT","PC_PA","Q","2007-Q4",6.135811,
"AUS","LTINT","TOT","PC_PA","Q","2008-Q1",6.15216,
"AUS","LTINT","TOT","PC_PA","Q","2008-Q2",6.370742,
"AUS","LTINT","TOT","PC_PA","Q","2008-Q3",5.95831,
"AUS","LTINT","TOT","PC_PA","Q","2008-Q4",4.790564,
"AUS","LTINT","TOT","PC_PA","Q","2009-Q1",4.222159,
"AUS","LTINT","TOT","PC_PA","Q","2009-Q2",5.024317,
"AUS","LTINT","TOT","PC_PA","Q","2009-Q3",5.448237,
"AUS","LTINT","TOT","PC_PA","Q","2009-Q4",5.463333,
"AUS","LTINT","TOT","PC_PA","Q","2010-Q1",5.551667,
"AUS","LTINT","TOT","PC_PA","Q","2010-Q2",5.534167,
"AUS","LTINT","TOT","PC_PA","Q","2010-Q3",5.039166,
"AUS","LTINT","TOT","PC_PA","Q","2010-Q4",5.339167,
"AUS","LTINT","TOT","PC_PA","Q","2011-Q1",5.521667,
"AUS","LTINT","TOT","PC_PA","Q","2011-Q2",5.3325,
"AUS","LTINT","TOT","PC_PA","Q","2011-Q3",4.571667,
"AUS","LTINT","TOT","PC_PA","Q","2011-Q4",4.0925,
"AUS","LTINT","TOT","PC_PA","Q","2012-Q1",3.971667,
"AUS","LTINT","TOT","PC_PA","Q","2012-Q2",3.376667,
"AUS","LTINT","TOT","PC_PA","Q","2012-Q3",3.055833,
"AUS","LTINT","TOT","PC_PA","Q","2012-Q4",3.1125,
"AUS","LTINT","TOT","PC_PA","Q","2013-Q1",3.469167,
"AUS","LTINT","TOT","PC_PA","Q","2013-Q2",3.336667,
"AUS","LTINT","TOT","PC_PA","Q","2013-Q3",3.87,
"AUS","LTINT","TOT","PC_PA","Q","2013-Q4",4.113333,
"AUS","LTINT","TOT","PC_PA","Q","2014-Q1",4.133333,
"AUS","LTINT","TOT","PC_PA","Q","2014-Q2",3.836667,
"AUS","LTINT","TOT","PC_PA","Q","2014-Q3",3.476667,
"AUS","LTINT","TOT","PC_PA","Q","2014-Q4",3.18,
"AUS","LTINT","TOT","PC_PA","Q","2015-Q1",2.54,
"AUS","LTINT","TOT","PC_PA","Q","2015-Q2",2.756667,
"AUS","LTINT","TOT","PC_PA","Q","2015-Q3",2.773333,
"AUS","LTINT","TOT","PC_PA","Q","2015-Q4",2.773333,
"AUS","LTINT","TOT","PC_PA","Q","2016-Q1",2.593333,
"AUS","LTINT","TOT","PC_PA","Q","2016-Q2",2.32,
"AUS","LTINT","TOT","PC_PA","Q","2016-Q3",1.933333,
"AUS","LTINT","TOT","PC_PA","Q","2016-Q4",2.5,
"AUS","LTINT","TOT","PC_PA","Q","2017-Q1",2.763333,
"AUS","LTINT","TOT","PC_PA","Q","2017-Q2",2.503333,
"AUS","LTINT","TOT","PC_PA","Q","2017-Q3",2.646667,
"AUS","LTINT","TOT","PC_PA","Q","2017-Q4",2.643333,
"AUS","LTINT","TOT","PC_PA","Q","2018-Q1",2.776667,
"AUS","LTINT","TOT","PC_PA","Q","2018-Q2",2.743333,
"AUS","LTINT","TOT","PC_PA","Q","2018-Q3",2.62,
"AUS","LTINT","TOT","PC_PA","Q","2018-Q4",2.596667,
"AUS","LTINT","TOT","PC_PA","Q","2019-Q1",2.12,
"AUS","LTINT","TOT","PC_PA","Q","2019-Q2",1.63,
"AUS","LTINT","TOT","PC_PA","Q","2019-Q3",1.096667,
"AUS","LTINT","TOT","PC_PA","Q","2019-Q4",1.126667,
"AUS","LTINT","TOT","PC_PA","Q","2020-Q1",1.006667,
"AUS","LTINT","TOT","PC_PA","Q","2020-Q2",0.8966666,
"AUS","LTINT","TOT","PC_PA","Q","2020-Q3",0.89,
"AUS","LTINT","TOT","PC_PA","Q","2020-Q4",0.89,
"AUS","LTINT","TOT","PC_PA","Q","2021-Q1",1.363333,
"AUS","LTINT","TOT","PC_PA","Q","2021-Q2",1.623333,
"AUS","LTINT","TOT","PC_PA","Q","2021-Q3",1.223333,
"AUS","LTINT","TOT","PC_PA","Q","2021-Q4",1.71,
"AUS","LTINT","TOT","PC_PA","Q","2022-Q1",2.173333,
"AUS","LTINT","TOT","PC_PA","Q","2022-Q2",3.386667,
"AUS","LTINT","TOT","PC_PA","Q","2022-Q3",3.536667,
"AUS","LTINT","TOT","PC_PA","Q","2022-Q4",3.733333,
"AUS","LTINT","TOT","PC_PA","Q","2023-Q1",3.6,
"AUT","LTINT","TOT","PC_PA","Q","1995-Q1",7.627367,
"AUT","LTINT","TOT","PC_PA","Q","1995-Q2",7.184033,
"AUT","LTINT","TOT","PC_PA","Q","1995-Q3",6.997967,
"AUT","LTINT","TOT","PC_PA","Q","1995-Q4",6.730933,
"AUT","LTINT","TOT","PC_PA","Q","1996-Q1",6.396633,
"AUT","LTINT","TOT","PC_PA","Q","1996-Q2",6.5056,
"AUT","LTINT","TOT","PC_PA","Q","1996-Q3",6.430133,
"AUT","LTINT","TOT","PC_PA","Q","1996-Q4",5.9535,
"AUT","LTINT","TOT","PC_PA","Q","1997-Q1",5.7098,
"AUT","LTINT","TOT","PC_PA","Q","1997-Q2",5.822166,
"AUT","LTINT","TOT","PC_PA","Q","1997-Q3",5.648366,
"AUT","LTINT","TOT","PC_PA","Q","1997-Q4",5.551033,
"AUT","LTINT","TOT","PC_PA","Q","1998-Q1",5.0767,
"AUT","LTINT","TOT","PC_PA","Q","1998-Q2",4.9639,
"AUT","LTINT","TOT","PC_PA","Q","1998-Q3",4.586467,
"AUT","LTINT","TOT","PC_PA","Q","1998-Q4",4.226933,
"AUT","LTINT","TOT","PC_PA","Q","1999-Q1",3.997133,
"AUT","LTINT","TOT","PC_PA","Q","1999-Q2",4.2609,
"AUT","LTINT","TOT","PC_PA","Q","1999-Q3",5.081267,
"AUT","LTINT","TOT","PC_PA","Q","1999-Q4",5.3843,
"AUT","LTINT","TOT","PC_PA","Q","2000-Q1",5.703533,
"AUT","LTINT","TOT","PC_PA","Q","2000-Q2",5.555033,
"AUT","LTINT","TOT","PC_PA","Q","2000-Q3",5.568767,
"AUT","LTINT","TOT","PC_PA","Q","2000-Q4",5.394267,
"AUT","LTINT","TOT","PC_PA","Q","2001-Q1",5.0691,
"AUT","LTINT","TOT","PC_PA","Q","2001-Q2",5.259133,
"AUT","LTINT","TOT","PC_PA","Q","2001-Q3",5.156933,
"AUT","LTINT","TOT","PC_PA","Q","2001-Q4",4.8355,
"AUT","LTINT","TOT","PC_PA","Q","2002-Q1",5.180433,
"AUT","LTINT","TOT","PC_PA","Q","2002-Q2",5.311133,
"AUT","LTINT","TOT","PC_PA","Q","2002-Q3",4.8018,
"AUT","LTINT","TOT","PC_PA","Q","2002-Q4",4.561833,
"AUT","LTINT","TOT","PC_PA","Q","2003-Q1",4.088133,
"AUT","LTINT","TOT","PC_PA","Q","2003-Q2",3.922333,
"AUT","LTINT","TOT","PC_PA","Q","2003-Q3",4.173967,
"AUT","LTINT","TOT","PC_PA","Q","2003-Q4",4.379034,
"AUT","LTINT","TOT","PC_PA","Q","2004-Q1",4.1804,
"AUT","LTINT","TOT","PC_PA","Q","2004-Q2",4.343033,
"AUT","LTINT","TOT","PC_PA","Q","2004-Q3",4.183767,
"AUT","LTINT","TOT","PC_PA","Q","2004-Q4",3.816367,
"AUT","LTINT","TOT","PC_PA","Q","2005-Q1",3.604567,
"AUT","LTINT","TOT","PC_PA","Q","2005-Q2",3.3796,
"AUT","LTINT","TOT","PC_PA","Q","2005-Q3",3.222567,
"AUT","LTINT","TOT","PC_PA","Q","2005-Q4",3.3682,
"AUT","LTINT","TOT","PC_PA","Q","2006-Q1",3.485367,
"AUT","LTINT","TOT","PC_PA","Q","2006-Q2",3.993267,
"AUT","LTINT","TOT","PC_PA","Q","2006-Q3",3.9231,
"AUT","LTINT","TOT","PC_PA","Q","2006-Q4",3.801633,
"AUT","LTINT","TOT","PC_PA","Q","2007-Q1",4.0467,
"AUT","LTINT","TOT","PC_PA","Q","2007-Q2",4.387333,
"AUT","LTINT","TOT","PC_PA","Q","2007-Q3",4.432766,
"AUT","LTINT","TOT","PC_PA","Q","2007-Q4",4.321533,
"AUT","LTINT","TOT","PC_PA","Q","2008-Q1",4.1807,
"AUT","LTINT","TOT","PC_PA","Q","2008-Q2",4.5397,
"AUT","LTINT","TOT","PC_PA","Q","2008-Q3",4.5733,
"AUT","LTINT","TOT","PC_PA","Q","2008-Q4",4.1404,
"AUT","LTINT","TOT","PC_PA","Q","2009-Q1",4.122967,
"AUT","LTINT","TOT","PC_PA","Q","2009-Q2",4.156034,
"AUT","LTINT","TOT","PC_PA","Q","2009-Q3",3.8507,
"AUT","LTINT","TOT","PC_PA","Q","2009-Q4",3.620833,
"AUT","LTINT","TOT","PC_PA","Q","2010-Q1",3.6494,
"AUT","LTINT","TOT","PC_PA","Q","2010-Q2",3.286933,
"AUT","LTINT","TOT","PC_PA","Q","2010-Q3",2.8803,
"AUT","LTINT","TOT","PC_PA","Q","2010-Q4",3.0889,
"AUT","LTINT","TOT","PC_PA","Q","2011-Q1",3.633033,
"AUT","LTINT","TOT","PC_PA","Q","2011-Q2",3.575233,
"AUT","LTINT","TOT","PC_PA","Q","2011-Q3",2.944333,
"AUT","LTINT","TOT","PC_PA","Q","2011-Q4",3.126033,
"AUT","LTINT","TOT","PC_PA","Q","2012-Q1",3.0464,
"AUT","LTINT","TOT","PC_PA","Q","2012-Q2",2.535333,
"AUT","LTINT","TOT","PC_PA","Q","2012-Q3",2.025667,
"AUT","LTINT","TOT","PC_PA","Q","2012-Q4",1.8773,
"AUT","LTINT","TOT","PC_PA","Q","2013-Q1",1.878033,
"AUT","LTINT","TOT","PC_PA","Q","2013-Q2",1.8107,
"AUT","LTINT","TOT","PC_PA","Q","2013-Q3",2.207567,
"AUT","LTINT","TOT","PC_PA","Q","2013-Q4",2.146733,
"AUT","LTINT","TOT","PC_PA","Q","2014-Q1",1.983533,
"AUT","LTINT","TOT","PC_PA","Q","2014-Q2",1.6796,
"AUT","LTINT","TOT","PC_PA","Q","2014-Q3",1.322133,
"AUT","LTINT","TOT","PC_PA","Q","2014-Q4",0.9639,
"AUT","LTINT","TOT","PC_PA","Q","2015-Q1",0.4524333,
"AUT","LTINT","TOT","PC_PA","Q","2015-Q2",0.6934667,
"AUT","LTINT","TOT","PC_PA","Q","2015-Q3",1.004833,
"AUT","LTINT","TOT","PC_PA","Q","2015-Q4",0.8374333,
"AUT","LTINT","TOT","PC_PA","Q","2016-Q1",0.5834666,
"AUT","LTINT","TOT","PC_PA","Q","2016-Q2",0.3579667,
"AUT","LTINT","TOT","PC_PA","Q","2016-Q3",0.1378333,
"AUT","LTINT","TOT","PC_PA","Q","2016-Q4",0.4222667,
"AUT","LTINT","TOT","PC_PA","Q","2017-Q1",0.5842667,
"AUT","LTINT","TOT","PC_PA","Q","2017-Q2",0.5655667,
"AUT","LTINT","TOT","PC_PA","Q","2017-Q3",0.6421667,
"AUT","LTINT","TOT","PC_PA","Q","2017-Q4",0.5411333,
"AUT","LTINT","TOT","PC_PA","Q","2018-Q1",0.7727666,
"AUT","LTINT","TOT","PC_PA","Q","2018-Q2",0.7431667,
"AUT","LTINT","TOT","PC_PA","Q","2018-Q3",0.6195667,
"AUT","LTINT","TOT","PC_PA","Q","2018-Q4",0.6091334,
"AUT","LTINT","TOT","PC_PA","Q","2019-Q1",0.4266333,
"AUT","LTINT","TOT","PC_PA","Q","2019-Q2",0.1941667,
"AUT","LTINT","TOT","PC_PA","Q","2019-Q3",-0.2599333,
"AUT","LTINT","TOT","PC_PA","Q","2019-Q4",-0.1091333,
"AUT","LTINT","TOT","PC_PA","Q","2020-Q1",-0.146,
"AUT","LTINT","TOT","PC_PA","Q","2020-Q2",-0.06083333,
"AUT","LTINT","TOT","PC_PA","Q","2020-Q3",-0.2819667,
"AUT","LTINT","TOT","PC_PA","Q","2020-Q4",-0.4106,
"AUT","LTINT","TOT","PC_PA","Q","2021-Q1",-0.2283667,
"AUT","LTINT","TOT","PC_PA","Q","2021-Q2",0.02076667,
"AUT","LTINT","TOT","PC_PA","Q","2021-Q3",-0.1437333,
"AUT","LTINT","TOT","PC_PA","Q","2021-Q4",0.0098,
"AUT","LTINT","TOT","PC_PA","Q","2022-Q1",0.4803667,
"AUT","LTINT","TOT","PC_PA","Q","2022-Q2",1.6309,
"AUT","LTINT","TOT","PC_PA","Q","2022-Q3",1.946933,
"AUT","LTINT","TOT","PC_PA","Q","2022-Q4",2.7864,
"AUT","LTINT","TOT","PC_PA","Q","2023-Q1",2.970333,
"BEL","LTINT","TOT","PC_PA","Q","1995-Q1",8.293333,
"BEL","LTINT","TOT","PC_PA","Q","1995-Q2",7.59,
"BEL","LTINT","TOT","PC_PA","Q","1995-Q3",7.186666,
"BEL","LTINT","TOT","PC_PA","Q","1995-Q4",6.853333,
"BEL","LTINT","TOT","PC_PA","Q","1996-Q1",6.64,
"BEL","LTINT","TOT","PC_PA","Q","1996-Q2",6.713333,
"BEL","LTINT","TOT","PC_PA","Q","1996-Q3",6.616667,
"BEL","LTINT","TOT","PC_PA","Q","1996-Q4",6,
"BEL","LTINT","TOT","PC_PA","Q","1997-Q1",5.796667,
"BEL","LTINT","TOT","PC_PA","Q","1997-Q2",5.916667,
"BEL","LTINT","TOT","PC_PA","Q","1997-Q3",5.693333,
"BEL","LTINT","TOT","PC_PA","Q","1997-Q4",5.606667,
"BEL","LTINT","TOT","PC_PA","Q","1998-Q1",5.12,
"BEL","LTINT","TOT","PC_PA","Q","1998-Q2",5.026667,
"BEL","LTINT","TOT","PC_PA","Q","1998-Q3",4.626667,
"BEL","LTINT","TOT","PC_PA","Q","1998-Q4",4.233333,
"BEL","LTINT","TOT","PC_PA","Q","1999-Q1",4.066667,
"BEL","LTINT","TOT","PC_PA","Q","1999-Q2",4.346667,
"BEL","LTINT","TOT","PC_PA","Q","1999-Q3",5.153333,
"BEL","LTINT","TOT","PC_PA","Q","1999-Q4",5.43,
"BEL","LTINT","TOT","PC_PA","Q","2000-Q1",5.733333,
"BEL","LTINT","TOT","PC_PA","Q","2000-Q2",5.58,
"BEL","LTINT","TOT","PC_PA","Q","2000-Q3",5.596667,
"BEL","LTINT","TOT","PC_PA","Q","2000-Q4",5.46,
"BEL","LTINT","TOT","PC_PA","Q","2001-Q1",5.133333,
"BEL","LTINT","TOT","PC_PA","Q","2001-Q2",5.306667,
"BEL","LTINT","TOT","PC_PA","Q","2001-Q3",5.213333,
"BEL","LTINT","TOT","PC_PA","Q","2001-Q4",4.87,
"BEL","LTINT","TOT","PC_PA","Q","2002-Q1",5.2,
"BEL","LTINT","TOT","PC_PA","Q","2002-Q2",5.33,
"BEL","LTINT","TOT","PC_PA","Q","2002-Q3",4.83,
"BEL","LTINT","TOT","PC_PA","Q","2002-Q4",4.586667,
"BEL","LTINT","TOT","PC_PA","Q","2003-Q1",4.18,
"BEL","LTINT","TOT","PC_PA","Q","2003-Q2",3.993333,
"BEL","LTINT","TOT","PC_PA","Q","2003-Q3",4.176667,
"BEL","LTINT","TOT","PC_PA","Q","2003-Q4",4.373333,
"BEL","LTINT","TOT","PC_PA","Q","2004-Q1",4.196667,
"BEL","LTINT","TOT","PC_PA","Q","2004-Q2",4.373333,
"BEL","LTINT","TOT","PC_PA","Q","2004-Q3",4.21,
"BEL","LTINT","TOT","PC_PA","Q","2004-Q4",3.83,
"BEL","LTINT","TOT","PC_PA","Q","2005-Q1",3.64,
"BEL","LTINT","TOT","PC_PA","Q","2005-Q2",3.43,
"BEL","LTINT","TOT","PC_PA","Q","2005-Q3",3.25,
"BEL","LTINT","TOT","PC_PA","Q","2005-Q4",3.393333,
"BEL","LTINT","TOT","PC_PA","Q","2006-Q1",3.536667,
"BEL","LTINT","TOT","PC_PA","Q","2006-Q2",4.003334,
"BEL","LTINT","TOT","PC_PA","Q","2006-Q3",3.916667,
"BEL","LTINT","TOT","PC_PA","Q","2006-Q4",3.803333,
"BEL","LTINT","TOT","PC_PA","Q","2007-Q1",4.06,
"BEL","LTINT","TOT","PC_PA","Q","2007-Q2",4.4,
"BEL","LTINT","TOT","PC_PA","Q","2007-Q3",4.483333,
"BEL","LTINT","TOT","PC_PA","Q","2007-Q4",4.37,
"BEL","LTINT","TOT","PC_PA","Q","2008-Q1",4.236667,
"BEL","LTINT","TOT","PC_PA","Q","2008-Q2",4.573333,
"BEL","LTINT","TOT","PC_PA","Q","2008-Q3",4.663333,
"BEL","LTINT","TOT","PC_PA","Q","2008-Q4",4.196667,
"BEL","LTINT","TOT","PC_PA","Q","2009-Q1",4.133333,
"BEL","LTINT","TOT","PC_PA","Q","2009-Q2",4.026667,
"BEL","LTINT","TOT","PC_PA","Q","2009-Q3",3.803333,
"BEL","LTINT","TOT","PC_PA","Q","2009-Q4",3.643333,
"BEL","LTINT","TOT","PC_PA","Q","2010-Q1",3.703333,
"BEL","LTINT","TOT","PC_PA","Q","2010-Q2",3.44,
"BEL","LTINT","TOT","PC_PA","Q","2010-Q3",3.146667,
"BEL","LTINT","TOT","PC_PA","Q","2010-Q4",3.56,
"BEL","LTINT","TOT","PC_PA","Q","2011-Q1",4.186666,
"BEL","LTINT","TOT","PC_PA","Q","2011-Q2",4.213333,
"BEL","LTINT","TOT","PC_PA","Q","2011-Q3",4.07,
"BEL","LTINT","TOT","PC_PA","Q","2011-Q4",4.463333,
"BEL","LTINT","TOT","PC_PA","Q","2012-Q1",3.78,
"BEL","LTINT","TOT","PC_PA","Q","2012-Q2",3.33,
"BEL","LTINT","TOT","PC_PA","Q","2012-Q3",2.613333,
"BEL","LTINT","TOT","PC_PA","Q","2012-Q4",2.276667,
"BEL","LTINT","TOT","PC_PA","Q","2013-Q1",2.34,
"BEL","LTINT","TOT","PC_PA","Q","2013-Q2",2.18,
"BEL","LTINT","TOT","PC_PA","Q","2013-Q3",2.646667,
"BEL","LTINT","TOT","PC_PA","Q","2013-Q4",2.473333,
"BEL","LTINT","TOT","PC_PA","Q","2014-Q1",2.37,
"BEL","LTINT","TOT","PC_PA","Q","2014-Q2",1.993333,
"BEL","LTINT","TOT","PC_PA","Q","2014-Q3",1.436667,
"BEL","LTINT","TOT","PC_PA","Q","2014-Q4",1.053333,
"BEL","LTINT","TOT","PC_PA","Q","2015-Q1",0.6166667,
"BEL","LTINT","TOT","PC_PA","Q","2015-Q2",0.83,
"BEL","LTINT","TOT","PC_PA","Q","2015-Q3",1.053333,
"BEL","LTINT","TOT","PC_PA","Q","2015-Q4",0.86,
"BEL","LTINT","TOT","PC_PA","Q","2016-Q1",0.7333333,
"BEL","LTINT","TOT","PC_PA","Q","2016-Q2",0.51,
"BEL","LTINT","TOT","PC_PA","Q","2016-Q3",0.1766667,
"BEL","LTINT","TOT","PC_PA","Q","2016-Q4",0.4833333,
"BEL","LTINT","TOT","PC_PA","Q","2017-Q1",0.8133333,
"BEL","LTINT","TOT","PC_PA","Q","2017-Q2",0.7233334,
"BEL","LTINT","TOT","PC_PA","Q","2017-Q3",0.7533333,
"BEL","LTINT","TOT","PC_PA","Q","2017-Q4",0.6,
"BEL","LTINT","TOT","PC_PA","Q","2018-Q1",0.8466667,
"BEL","LTINT","TOT","PC_PA","Q","2018-Q2",0.81,
"BEL","LTINT","TOT","PC_PA","Q","2018-Q3",0.72,
"BEL","LTINT","TOT","PC_PA","Q","2018-Q4",0.8033333,
"BEL","LTINT","TOT","PC_PA","Q","2019-Q1",0.6666667,
"BEL","LTINT","TOT","PC_PA","Q","2019-Q2",0.3433333,
"BEL","LTINT","TOT","PC_PA","Q","2019-Q3",-0.1733333,
"BEL","LTINT","TOT","PC_PA","Q","2019-Q4",-0.06333333,
"BEL","LTINT","TOT","PC_PA","Q","2020-Q1",-0.06,
"BEL","LTINT","TOT","PC_PA","Q","2020-Q2",0.04666667,
"BEL","LTINT","TOT","PC_PA","Q","2020-Q3",-0.21,
"BEL","LTINT","TOT","PC_PA","Q","2020-Q4",-0.37,
"BEL","LTINT","TOT","PC_PA","Q","2021-Q1",-0.2033333,
"BEL","LTINT","TOT","PC_PA","Q","2021-Q2",0.1133333,
"BEL","LTINT","TOT","PC_PA","Q","2021-Q3",-0.05333333,
"BEL","LTINT","TOT","PC_PA","Q","2021-Q4",0.08666667,
"BEL","LTINT","TOT","PC_PA","Q","2022-Q1",0.5466667,
"BEL","LTINT","TOT","PC_PA","Q","2022-Q2",1.67,
"BEL","LTINT","TOT","PC_PA","Q","2022-Q3",1.986667,
"BEL","LTINT","TOT","PC_PA","Q","2022-Q4",2.73,
"BEL","LTINT","TOT","PC_PA","Q","2023-Q1",2.93,
"CAN","LTINT","TOT","PC_PA","Q","1995-Q1",8.964399,
"CAN","LTINT","TOT","PC_PA","Q","1995-Q2",8.111826,
"CAN","LTINT","TOT","PC_PA","Q","1995-Q3",8.08953,
"CAN","LTINT","TOT","PC_PA","Q","1995-Q4",7.481412,
"CAN","LTINT","TOT","PC_PA","Q","1996-Q1",7.318067,
"CAN","LTINT","TOT","PC_PA","Q","1996-Q2",7.759068,
"CAN","LTINT","TOT","PC_PA","Q","1996-Q3",7.452011,
"CAN","LTINT","TOT","PC_PA","Q","1996-Q4",6.390515,
"CAN","LTINT","TOT","PC_PA","Q","1997-Q1",6.491909,
"CAN","LTINT","TOT","PC_PA","Q","1997-Q2",6.543102,
"CAN","LTINT","TOT","PC_PA","Q","1997-Q3",5.944624,
"CAN","LTINT","TOT","PC_PA","Q","1997-Q4",5.592654,
"CAN","LTINT","TOT","PC_PA","Q","1998-Q1",5.407249,
"CAN","LTINT","TOT","PC_PA","Q","1998-Q2",5.339339,
"CAN","LTINT","TOT","PC_PA","Q","1998-Q3",5.386465,
"CAN","LTINT","TOT","PC_PA","Q","1998-Q4",4.983159,
"CAN","LTINT","TOT","PC_PA","Q","1999-Q1",5.096978,
"CAN","LTINT","TOT","PC_PA","Q","1999-Q2",5.323311,
"CAN","LTINT","TOT","PC_PA","Q","1999-Q3",5.656032,
"CAN","LTINT","TOT","PC_PA","Q","1999-Q4",6.088087,
"CAN","LTINT","TOT","PC_PA","Q","2000-Q1",6.286111,
"CAN","LTINT","TOT","PC_PA","Q","2000-Q2",6.011555,
"CAN","LTINT","TOT","PC_PA","Q","2000-Q3",5.786455,
"CAN","LTINT","TOT","PC_PA","Q","2000-Q4",5.617527,
"CAN","LTINT","TOT","PC_PA","Q","2001-Q1",5.383333,
"CAN","LTINT","TOT","PC_PA","Q","2001-Q2",5.72032,
"CAN","LTINT","TOT","PC_PA","Q","2001-Q3",5.544672,
"CAN","LTINT","TOT","PC_PA","Q","2001-Q4",5.272764,
"CAN","LTINT","TOT","PC_PA","Q","2002-Q1",5.443879,
"CAN","LTINT","TOT","PC_PA","Q","2002-Q2",5.559515,
"CAN","LTINT","TOT","PC_PA","Q","2002-Q3",5.09881,
"CAN","LTINT","TOT","PC_PA","Q","2002-Q4",5.061424,
"CAN","LTINT","TOT","PC_PA","Q","2003-Q1",4.99032,
"CAN","LTINT","TOT","PC_PA","Q","2003-Q2",4.670635,
"CAN","LTINT","TOT","PC_PA","Q","2003-Q3",4.780775,
"CAN","LTINT","TOT","PC_PA","Q","2003-Q4",4.800448,
"CAN","LTINT","TOT","PC_PA","Q","2004-Q1",4.432708,
"CAN","LTINT","TOT","PC_PA","Q","2004-Q2",4.772861,
"CAN","LTINT","TOT","PC_PA","Q","2004-Q3",4.661111,
"CAN","LTINT","TOT","PC_PA","Q","2004-Q4",4.451746,
"CAN","LTINT","TOT","PC_PA","Q","2005-Q1",4.27456,
"CAN","LTINT","TOT","PC_PA","Q","2005-Q2",4.031934,
"CAN","LTINT","TOT","PC_PA","Q","2005-Q3",3.896175,
"CAN","LTINT","TOT","PC_PA","Q","2005-Q4",4.065048,
"CAN","LTINT","TOT","PC_PA","Q","2006-Q1",4.132871,
"CAN","LTINT","TOT","PC_PA","Q","2006-Q2",4.4189,
"CAN","LTINT","TOT","PC_PA","Q","2006-Q3",4.2551,
"CAN","LTINT","TOT","PC_PA","Q","2006-Q4",4.024169,
"CAN","LTINT","TOT","PC_PA","Q","2007-Q1",4.095076,
"CAN","LTINT","TOT","PC_PA","Q","2007-Q2",4.359028,
"CAN","LTINT","TOT","PC_PA","Q","2007-Q3",4.458317,
"CAN","LTINT","TOT","PC_PA","Q","2007-Q4",4.166648,
"CAN","LTINT","TOT","PC_PA","Q","2008-Q1",3.728394,
"CAN","LTINT","TOT","PC_PA","Q","2008-Q2",3.670022,
"CAN","LTINT","TOT","PC_PA","Q","2008-Q3",3.627636,
"CAN","LTINT","TOT","PC_PA","Q","2008-Q4",3.395158,
"CAN","LTINT","TOT","PC_PA","Q","2009-Q1",2.886272,
"CAN","LTINT","TOT","PC_PA","Q","2009-Q2",3.205126,
"CAN","LTINT","TOT","PC_PA","Q","2009-Q3",3.419768,
"CAN","LTINT","TOT","PC_PA","Q","2009-Q4",3.411309,
"CAN","LTINT","TOT","PC_PA","Q","2010-Q1",3.466373,
"CAN","LTINT","TOT","PC_PA","Q","2010-Q2",3.471076,
"CAN","LTINT","TOT","PC_PA","Q","2010-Q3",3.005397,
"CAN","LTINT","TOT","PC_PA","Q","2010-Q4",2.997714,
"CAN","LTINT","TOT","PC_PA","Q","2011-Q1",3.312297,
"CAN","LTINT","TOT","PC_PA","Q","2011-Q2",3.155877,
"CAN","LTINT","TOT","PC_PA","Q","2011-Q3",2.527177,
"CAN","LTINT","TOT","PC_PA","Q","2011-Q4",2.136794,
"CAN","LTINT","TOT","PC_PA","Q","2012-Q1",2.035939,
"CAN","LTINT","TOT","PC_PA","Q","2012-Q2",1.911464,
"CAN","LTINT","TOT","PC_PA","Q","2012-Q3",1.773634,
"CAN","LTINT","TOT","PC_PA","Q","2012-Q4",1.772603,
"CAN","LTINT","TOT","PC_PA","Q","2013-Q1",1.916919,
"CAN","LTINT","TOT","PC_PA","Q","2013-Q2",1.964985,
"CAN","LTINT","TOT","PC_PA","Q","2013-Q3",2.582537,
"CAN","LTINT","TOT","PC_PA","Q","2013-Q4",2.583394,
"CAN","LTINT","TOT","PC_PA","Q","2014-Q1",2.469459,
"CAN","LTINT","TOT","PC_PA","Q","2014-Q2",2.352857,
"CAN","LTINT","TOT","PC_PA","Q","2014-Q3",2.145833,
"CAN","LTINT","TOT","PC_PA","Q","2014-Q4",1.955172,
"CAN","LTINT","TOT","PC_PA","Q","2015-Q1",1.442184,
"CAN","LTINT","TOT","PC_PA","Q","2015-Q2",1.644984,
"CAN","LTINT","TOT","PC_PA","Q","2015-Q3",1.480825,
"CAN","LTINT","TOT","PC_PA","Q","2015-Q4",1.518786,
"CAN","LTINT","TOT","PC_PA","Q","2016-Q1",1.216894,
"CAN","LTINT","TOT","PC_PA","Q","2016-Q2",1.284791,
"CAN","LTINT","TOT","PC_PA","Q","2016-Q3",1.059973,
"CAN","LTINT","TOT","PC_PA","Q","2016-Q4",1.445373,
"CAN","LTINT","TOT","PC_PA","Q","2017-Q1",1.712945,
"CAN","LTINT","TOT","PC_PA","Q","2017-Q2",1.513022,
"CAN","LTINT","TOT","PC_PA","Q","2017-Q3",1.947045,
"CAN","LTINT","TOT","PC_PA","Q","2017-Q4",1.961596,
"CAN","LTINT","TOT","PC_PA","Q","2018-Q1",2.236988,
"CAN","LTINT","TOT","PC_PA","Q","2018-Q2",2.27785,
"CAN","LTINT","TOT","PC_PA","Q","2018-Q3",2.27876,
"CAN","LTINT","TOT","PC_PA","Q","2018-Q4",2.31805,
"CAN","LTINT","TOT","PC_PA","Q","2019-Q1",1.857795,
"CAN","LTINT","TOT","PC_PA","Q","2019-Q2",1.616548,
"CAN","LTINT","TOT","PC_PA","Q","2019-Q3",1.362776,
"CAN","LTINT","TOT","PC_PA","Q","2019-Q4",1.517848,
"CAN","LTINT","TOT","PC_PA","Q","2020-Q1",1.202034,
"CAN","LTINT","TOT","PC_PA","Q","2020-Q2",0.5898355,
"CAN","LTINT","TOT","PC_PA","Q","2020-Q3",0.5464625,
"CAN","LTINT","TOT","PC_PA","Q","2020-Q4",0.6741032,
"CAN","LTINT","TOT","PC_PA","Q","2021-Q1",1.133832,
"CAN","LTINT","TOT","PC_PA","Q","2021-Q2",1.488397,
"CAN","LTINT","TOT","PC_PA","Q","2021-Q3",1.235444,
"CAN","LTINT","TOT","PC_PA","Q","2021-Q4",1.577571,
"CAN","LTINT","TOT","PC_PA","Q","2022-Q1",1.923549,
"CAN","LTINT","TOT","PC_PA","Q","2022-Q2",2.979342,
"CAN","LTINT","TOT","PC_PA","Q","2022-Q3",3.008697,
"CAN","LTINT","TOT","PC_PA","Q","2022-Q4",3.16273,
"CAN","LTINT","TOT","PC_PA","Q","2023-Q1",3.035103,
"DNK","LTINT","TOT","PC_PA","Q","1995-Q1",8.96,
"DNK","LTINT","TOT","PC_PA","Q","1995-Q2",8.443666,
"DNK","LTINT","TOT","PC_PA","Q","1995-Q3",8.087667,
"DNK","LTINT","TOT","PC_PA","Q","1995-Q4",7.583,
"DNK","LTINT","TOT","PC_PA","Q","1996-Q1",7.349,
"DNK","LTINT","TOT","PC_PA","Q","1996-Q2",7.411,
"DNK","LTINT","TOT","PC_PA","Q","1996-Q3",7.264667,
"DNK","LTINT","TOT","PC_PA","Q","1996-Q4",6.747667,
"DNK","LTINT","TOT","PC_PA","Q","1997-Q1",6.400333,
"DNK","LTINT","TOT","PC_PA","Q","1997-Q2",6.483333,
"DNK","LTINT","TOT","PC_PA","Q","1997-Q3",6.168667,
"DNK","LTINT","TOT","PC_PA","Q","1997-Q4",5.958,
"DNK","LTINT","TOT","PC_PA","Q","1998-Q1",5.304,
"DNK","LTINT","TOT","PC_PA","Q","1998-Q2",5.118,
"DNK","LTINT","TOT","PC_PA","Q","1998-Q3",4.819334,
"DNK","LTINT","TOT","PC_PA","Q","1998-Q4",4.509,
"DNK","LTINT","TOT","PC_PA","Q","1999-Q1",4.218333,
"DNK","LTINT","TOT","PC_PA","Q","1999-Q2",4.496666,
"DNK","LTINT","TOT","PC_PA","Q","1999-Q3",5.351333,
"DNK","LTINT","TOT","PC_PA","Q","1999-Q4",5.569667,
"DNK","LTINT","TOT","PC_PA","Q","2000-Q1",5.788667,
"DNK","LTINT","TOT","PC_PA","Q","2000-Q2",5.670667,
"DNK","LTINT","TOT","PC_PA","Q","2000-Q3",5.687,
"DNK","LTINT","TOT","PC_PA","Q","2000-Q4",5.421,
"DNK","LTINT","TOT","PC_PA","Q","2001-Q1",5.031667,
"DNK","LTINT","TOT","PC_PA","Q","2001-Q2",5.270667,
"DNK","LTINT","TOT","PC_PA","Q","2001-Q3",5.182667,
"DNK","LTINT","TOT","PC_PA","Q","2001-Q4",4.831666,
"DNK","LTINT","TOT","PC_PA","Q","2002-Q1",5.208667,
"DNK","LTINT","TOT","PC_PA","Q","2002-Q2",5.363667,
"DNK","LTINT","TOT","PC_PA","Q","2002-Q3",4.915,
"DNK","LTINT","TOT","PC_PA","Q","2002-Q4",4.736333,
"DNK","LTINT","TOT","PC_PA","Q","2003-Q1",4.3,
"DNK","LTINT","TOT","PC_PA","Q","2003-Q2",4.116,
"DNK","LTINT","TOT","PC_PA","Q","2003-Q3",4.305666,
"DNK","LTINT","TOT","PC_PA","Q","2003-Q4",4.509333,
"DNK","LTINT","TOT","PC_PA","Q","2004-Q1",4.248333,
"DNK","LTINT","TOT","PC_PA","Q","2004-Q2",4.432,
"DNK","LTINT","TOT","PC_PA","Q","2004-Q3",4.482,
"DNK","LTINT","TOT","PC_PA","Q","2004-Q4",4.056,
"DNK","LTINT","TOT","PC_PA","Q","2005-Q1",3.73,
"DNK","LTINT","TOT","PC_PA","Q","2005-Q2",3.375333,
"DNK","LTINT","TOT","PC_PA","Q","2005-Q3",3.165333,
"DNK","LTINT","TOT","PC_PA","Q","2005-Q4",3.344333,
"DNK","LTINT","TOT","PC_PA","Q","2006-Q1",3.499667,
"DNK","LTINT","TOT","PC_PA","Q","2006-Q2",4.008667,
"DNK","LTINT","TOT","PC_PA","Q","2006-Q3",3.929667,
"DNK","LTINT","TOT","PC_PA","Q","2006-Q4",3.81,
"DNK","LTINT","TOT","PC_PA","Q","2007-Q1",4.002666,
"DNK","LTINT","TOT","PC_PA","Q","2007-Q2",4.387667,
"DNK","LTINT","TOT","PC_PA","Q","2007-Q3",4.443333,
"DNK","LTINT","TOT","PC_PA","Q","2007-Q4",4.312,
"DNK","LTINT","TOT","PC_PA","Q","2008-Q1",4.089334,
"DNK","LTINT","TOT","PC_PA","Q","2008-Q2",4.508,
"DNK","LTINT","TOT","PC_PA","Q","2008-Q3",4.545333,
"DNK","LTINT","TOT","PC_PA","Q","2008-Q4",3.994667,
"DNK","LTINT","TOT","PC_PA","Q","2009-Q1",3.477333,
"DNK","LTINT","TOT","PC_PA","Q","2009-Q2",3.624333,
"DNK","LTINT","TOT","PC_PA","Q","2009-Q3",3.661333,
"DNK","LTINT","TOT","PC_PA","Q","2009-Q4",3.582333,
"DNK","LTINT","TOT","PC_PA","Q","2010-Q1",3.488,
"DNK","LTINT","TOT","PC_PA","Q","2010-Q2",2.990667,
"DNK","LTINT","TOT","PC_PA","Q","2010-Q3",2.519,
"DNK","LTINT","TOT","PC_PA","Q","2010-Q4",2.706667,
"DNK","LTINT","TOT","PC_PA","Q","2011-Q1",3.190333,
"DNK","LTINT","TOT","PC_PA","Q","2011-Q2",3.168333,
"DNK","LTINT","TOT","PC_PA","Q","2011-Q3",2.527,
"DNK","LTINT","TOT","PC_PA","Q","2011-Q4",2.031333,
"DNK","LTINT","TOT","PC_PA","Q","2012-Q1",1.822,
"DNK","LTINT","TOT","PC_PA","Q","2012-Q2",1.445667,
"DNK","LTINT","TOT","PC_PA","Q","2012-Q3",1.186333,
"DNK","LTINT","TOT","PC_PA","Q","2012-Q4",1.159667,
"DNK","LTINT","TOT","PC_PA","Q","2013-Q1",1.643,
"DNK","LTINT","TOT","PC_PA","Q","2013-Q2",1.530333,
"DNK","LTINT","TOT","PC_PA","Q","2013-Q3",1.934667,
"DNK","LTINT","TOT","PC_PA","Q","2013-Q4",1.872,
"DNK","LTINT","TOT","PC_PA","Q","2014-Q1",1.714333,
"DNK","LTINT","TOT","PC_PA","Q","2014-Q2",1.470333,
"DNK","LTINT","TOT","PC_PA","Q","2014-Q3",1.086667,
"DNK","LTINT","TOT","PC_PA","Q","2014-Q4",1.028,
"DNK","LTINT","TOT","PC_PA","Q","2015-Q1",0.3736667,
"DNK","LTINT","TOT","PC_PA","Q","2015-Q2",0.6586667,
"DNK","LTINT","TOT","PC_PA","Q","2015-Q3",0.9043334,
"DNK","LTINT","TOT","PC_PA","Q","2015-Q4",0.8253334,
"DNK","LTINT","TOT","PC_PA","Q","2016-Q1",0.613,
"DNK","LTINT","TOT","PC_PA","Q","2016-Q2",0.345,
"DNK","LTINT","TOT","PC_PA","Q","2016-Q3",0.04166667,
"DNK","LTINT","TOT","PC_PA","Q","2016-Q4",0.2816667,
"DNK","LTINT","TOT","PC_PA","Q","2017-Q1",0.2986667,
"DNK","LTINT","TOT","PC_PA","Q","2017-Q2",0.5696667,
"DNK","LTINT","TOT","PC_PA","Q","2017-Q3",0.5763333,
"DNK","LTINT","TOT","PC_PA","Q","2017-Q4",0.461,
"DNK","LTINT","TOT","PC_PA","Q","2018-Q1",0.6603333,
"DNK","LTINT","TOT","PC_PA","Q","2018-Q2",0.4926667,
"DNK","LTINT","TOT","PC_PA","Q","2018-Q3",0.337,
"DNK","LTINT","TOT","PC_PA","Q","2018-Q4",0.3293333,
"DNK","LTINT","TOT","PC_PA","Q","2019-Q1",0.1233333,
"DNK","LTINT","TOT","PC_PA","Q","2019-Q2",-0.03033333,
"DNK","LTINT","TOT","PC_PA","Q","2019-Q3",-0.4926667,
"DNK","LTINT","TOT","PC_PA","Q","2019-Q4",-0.334,
"DNK","LTINT","TOT","PC_PA","Q","2020-Q1",-0.3596667,
"DNK","LTINT","TOT","PC_PA","Q","2020-Q2",-0.254,
"DNK","LTINT","TOT","PC_PA","Q","2020-Q3",-0.361,
"DNK","LTINT","TOT","PC_PA","Q","2020-Q4",-0.4623333,
"DNK","LTINT","TOT","PC_PA","Q","2021-Q1",-0.2513333,
"DNK","LTINT","TOT","PC_PA","Q","2021-Q2",0.074,
"DNK","LTINT","TOT","PC_PA","Q","2021-Q3",-0.073,
"DNK","LTINT","TOT","PC_PA","Q","2021-Q4",0.007,
"DNK","LTINT","TOT","PC_PA","Q","2022-Q1",0.379,
"DNK","LTINT","TOT","PC_PA","Q","2022-Q2",1.391,
"DNK","LTINT","TOT","PC_PA","Q","2022-Q3",1.720333,
"DNK","LTINT","TOT","PC_PA","Q","2022-Q4",2.420667,
"DNK","LTINT","TOT","PC_PA","Q","2023-Q1",2.509667,
"FIN","LTINT","TOT","PC_PA","Q","1995-Q1",10.21333,
"FIN","LTINT","TOT","PC_PA","Q","1995-Q2",8.983334,
"FIN","LTINT","TOT","PC_PA","Q","1995-Q3",8.353333,
"FIN","LTINT","TOT","PC_PA","Q","1995-Q4",7.616667,
"FIN","LTINT","TOT","PC_PA","Q","1996-Q1",7.47,
"FIN","LTINT","TOT","PC_PA","Q","1996-Q2",7.346667,
"FIN","LTINT","TOT","PC_PA","Q","1996-Q3",7.05,
"FIN","LTINT","TOT","PC_PA","Q","1996-Q4",6.44,
"FIN","LTINT","TOT","PC_PA","Q","1997-Q1",6.056667,
"FIN","LTINT","TOT","PC_PA","Q","1997-Q2",6.203333,
"FIN","LTINT","TOT","PC_PA","Q","1997-Q3",5.863333,
"FIN","LTINT","TOT","PC_PA","Q","1997-Q4",5.706666,
"FIN","LTINT","TOT","PC_PA","Q","1998-Q1",5.166667,
"FIN","LTINT","TOT","PC_PA","Q","1998-Q2",5.013333,
"FIN","LTINT","TOT","PC_PA","Q","1998-Q3",4.663333,
"FIN","LTINT","TOT","PC_PA","Q","1998-Q4",4.306667,
"FIN","LTINT","TOT","PC_PA","Q","1999-Q1",4.07,
"FIN","LTINT","TOT","PC_PA","Q","1999-Q2",4.296667,
"FIN","LTINT","TOT","PC_PA","Q","1999-Q3",5.126667,
"FIN","LTINT","TOT","PC_PA","Q","1999-Q4",5.396667,
"FIN","LTINT","TOT","PC_PA","Q","2000-Q1",5.653333,
"FIN","LTINT","TOT","PC_PA","Q","2000-Q2",5.48,
"FIN","LTINT","TOT","PC_PA","Q","2000-Q3",5.466667,
"FIN","LTINT","TOT","PC_PA","Q","2000-Q4",5.33,
"FIN","LTINT","TOT","PC_PA","Q","2001-Q1",4.993333,
"FIN","LTINT","TOT","PC_PA","Q","2001-Q2",5.216667,
"FIN","LTINT","TOT","PC_PA","Q","2001-Q3",5.13,
"FIN","LTINT","TOT","PC_PA","Q","2001-Q4",4.833333,
"FIN","LTINT","TOT","PC_PA","Q","2002-Q1",5.16,
"FIN","LTINT","TOT","PC_PA","Q","2002-Q2",5.326667,
"FIN","LTINT","TOT","PC_PA","Q","2002-Q3",4.84,
"FIN","LTINT","TOT","PC_PA","Q","2002-Q4",4.596667,
"FIN","LTINT","TOT","PC_PA","Q","2003-Q1",4.136667,
"FIN","LTINT","TOT","PC_PA","Q","2003-Q2",3.946667,
"FIN","LTINT","TOT","PC_PA","Q","2003-Q3",4.13,
"FIN","LTINT","TOT","PC_PA","Q","2003-Q4",4.326667,
"FIN","LTINT","TOT","PC_PA","Q","2004-Q1",4.063334,
"FIN","LTINT","TOT","PC_PA","Q","2004-Q2",4.276667,
"FIN","LTINT","TOT","PC_PA","Q","2004-Q3",4.236667,
"FIN","LTINT","TOT","PC_PA","Q","2004-Q4",3.86,
"FIN","LTINT","TOT","PC_PA","Q","2005-Q1",3.63,
"FIN","LTINT","TOT","PC_PA","Q","2005-Q2",3.333333,
"FIN","LTINT","TOT","PC_PA","Q","2005-Q3",3.143333,
"FIN","LTINT","TOT","PC_PA","Q","2005-Q4",3.296667,
"FIN","LTINT","TOT","PC_PA","Q","2006-Q1",3.446667,
"FIN","LTINT","TOT","PC_PA","Q","2006-Q2",3.946667,
"FIN","LTINT","TOT","PC_PA","Q","2006-Q3",3.933333,
"FIN","LTINT","TOT","PC_PA","Q","2006-Q4",3.803333,
"FIN","LTINT","TOT","PC_PA","Q","2007-Q1",4.036667,
"FIN","LTINT","TOT","PC_PA","Q","2007-Q2",4.383333,
"FIN","LTINT","TOT","PC_PA","Q","2007-Q3",4.44,
"FIN","LTINT","TOT","PC_PA","Q","2007-Q4",4.313334,
"FIN","LTINT","TOT","PC_PA","Q","2008-Q1",4.066667,
"FIN","LTINT","TOT","PC_PA","Q","2008-Q2",4.49,
"FIN","LTINT","TOT","PC_PA","Q","2008-Q3",4.556667,
"FIN","LTINT","TOT","PC_PA","Q","2008-Q4",4.046667,
"FIN","LTINT","TOT","PC_PA","Q","2009-Q1",3.87,
"FIN","LTINT","TOT","PC_PA","Q","2009-Q2",3.89,
"FIN","LTINT","TOT","PC_PA","Q","2009-Q3",3.673333,
"FIN","LTINT","TOT","PC_PA","Q","2009-Q4",3.52,
"FIN","LTINT","TOT","PC_PA","Q","2010-Q1",3.376667,
"FIN","LTINT","TOT","PC_PA","Q","2010-Q2",3.103333,
"FIN","LTINT","TOT","PC_PA","Q","2010-Q3",2.683333,
"FIN","LTINT","TOT","PC_PA","Q","2010-Q4",2.88,
"FIN","LTINT","TOT","PC_PA","Q","2011-Q1",3.376667,
"FIN","LTINT","TOT","PC_PA","Q","2011-Q2",3.393333,
"FIN","LTINT","TOT","PC_PA","Q","2011-Q3",2.73,
"FIN","LTINT","TOT","PC_PA","Q","2011-Q4",2.523333,
"FIN","LTINT","TOT","PC_PA","Q","2012-Q1",2.306667,
"FIN","LTINT","TOT","PC_PA","Q","2012-Q2",1.91,
"FIN","LTINT","TOT","PC_PA","Q","2012-Q3",1.636667,
"FIN","LTINT","TOT","PC_PA","Q","2012-Q4",1.68,
"FIN","LTINT","TOT","PC_PA","Q","2013-Q1",1.72,
"FIN","LTINT","TOT","PC_PA","Q","2013-Q2",1.663333,
"FIN","LTINT","TOT","PC_PA","Q","2013-Q3",2.056667,
"FIN","LTINT","TOT","PC_PA","Q","2013-Q4",2.003333,
"FIN","LTINT","TOT","PC_PA","Q","2014-Q1",1.936667,
"FIN","LTINT","TOT","PC_PA","Q","2014-Q2",1.7,
"FIN","LTINT","TOT","PC_PA","Q","2014-Q3",1.223333,
"FIN","LTINT","TOT","PC_PA","Q","2014-Q4",0.9333333,
"FIN","LTINT","TOT","PC_PA","Q","2015-Q1",0.4966667,
"FIN","LTINT","TOT","PC_PA","Q","2015-Q2",0.6633334,
"FIN","LTINT","TOT","PC_PA","Q","2015-Q3",0.9066667,
"FIN","LTINT","TOT","PC_PA","Q","2015-Q4",0.8266667,
"FIN","LTINT","TOT","PC_PA","Q","2016-Q1",0.6133333,
"FIN","LTINT","TOT","PC_PA","Q","2016-Q2",0.4133333,
"FIN","LTINT","TOT","PC_PA","Q","2016-Q3",0.08666667,
"FIN","LTINT","TOT","PC_PA","Q","2016-Q4",0.3466667,
"FIN","LTINT","TOT","PC_PA","Q","2017-Q1",0.51,
"FIN","LTINT","TOT","PC_PA","Q","2017-Q2",0.4766667,
"FIN","LTINT","TOT","PC_PA","Q","2017-Q3",0.6633334,
"FIN","LTINT","TOT","PC_PA","Q","2017-Q4",0.5366667,
"FIN","LTINT","TOT","PC_PA","Q","2018-Q1",0.7433333,
"FIN","LTINT","TOT","PC_PA","Q","2018-Q2",0.6733333,
"FIN","LTINT","TOT","PC_PA","Q","2018-Q3",0.5833333,
"FIN","LTINT","TOT","PC_PA","Q","2018-Q4",0.6466666,
"FIN","LTINT","TOT","PC_PA","Q","2019-Q1",0.42,
"FIN","LTINT","TOT","PC_PA","Q","2019-Q2",0.2133333,
"FIN","LTINT","TOT","PC_PA","Q","2019-Q3",-0.2466667,
"FIN","LTINT","TOT","PC_PA","Q","2019-Q4",-0.1066667,
"FIN","LTINT","TOT","PC_PA","Q","2020-Q1",-0.14,
"FIN","LTINT","TOT","PC_PA","Q","2020-Q2",-0.08666667,
"FIN","LTINT","TOT","PC_PA","Q","2020-Q3",-0.2533333,
"FIN","LTINT","TOT","PC_PA","Q","2020-Q4",-0.3966667,
"FIN","LTINT","TOT","PC_PA","Q","2021-Q1",-0.2399782,
"FIN","LTINT","TOT","PC_PA","Q","2021-Q2",-0.01592556,
"FIN","LTINT","TOT","PC_PA","Q","2021-Q3",-0.1315151,
"FIN","LTINT","TOT","PC_PA","Q","2021-Q4",0.007114737,
"FIN","LTINT","TOT","PC_PA","Q","2022-Q1",0.4685758,
"FIN","LTINT","TOT","PC_PA","Q","2022-Q2",1.567079,
"FIN","LTINT","TOT","PC_PA","Q","2022-Q3",1.919866,
"FIN","LTINT","TOT","PC_PA","Q","2022-Q4",2.764092,
"FIN","LTINT","TOT","PC_PA","Q","2023-Q1",2.897999,
"DEU","LTINT","TOT","PC_PA","Q","1995-Q1",7.432434,
"DEU","LTINT","TOT","PC_PA","Q","1995-Q2",6.911238,
"DEU","LTINT","TOT","PC_PA","Q","1995-Q3",6.731236,
"DEU","LTINT","TOT","PC_PA","Q","1995-Q4",6.327264,
"DEU","LTINT","TOT","PC_PA","Q","1996-Q1",6.178932,
"DEU","LTINT","TOT","PC_PA","Q","1996-Q2",6.460649,
"DEU","LTINT","TOT","PC_PA","Q","1996-Q3",6.335878,
"DEU","LTINT","TOT","PC_PA","Q","1996-Q4",5.886054,
"DEU","LTINT","TOT","PC_PA","Q","1997-Q1",5.687952,
"DEU","LTINT","TOT","PC_PA","Q","1997-Q2",5.782167,
"DEU","LTINT","TOT","PC_PA","Q","1997-Q3",5.603083,
"DEU","LTINT","TOT","PC_PA","Q","1997-Q4",5.48735,
"DEU","LTINT","TOT","PC_PA","Q","1998-Q1",5.000309,
"DEU","LTINT","TOT","PC_PA","Q","1998-Q2",4.888412,
"DEU","LTINT","TOT","PC_PA","Q","1998-Q3",4.39031,
"DEU","LTINT","TOT","PC_PA","Q","1998-Q4",4.016174,
"DEU","LTINT","TOT","PC_PA","Q","1999-Q1",3.862942,
"DEU","LTINT","TOT","PC_PA","Q","1999-Q2",4.074194,
"DEU","LTINT","TOT","PC_PA","Q","1999-Q3",4.865303,
"DEU","LTINT","TOT","PC_PA","Q","1999-Q4",5.16,
"DEU","LTINT","TOT","PC_PA","Q","2000-Q1",5.46038,
"DEU","LTINT","TOT","PC_PA","Q","2000-Q2",5.265034,
"DEU","LTINT","TOT","PC_PA","Q","2000-Q3",5.246653,
"DEU","LTINT","TOT","PC_PA","Q","2000-Q4",5.083768,
"DEU","LTINT","TOT","PC_PA","Q","2001-Q1",4.74947,
"DEU","LTINT","TOT","PC_PA","Q","2001-Q2",4.958238,
"DEU","LTINT","TOT","PC_PA","Q","2001-Q3",4.884274,
"DEU","LTINT","TOT","PC_PA","Q","2001-Q4",4.594392,
"DEU","LTINT","TOT","PC_PA","Q","2002-Q1",4.981076,
"DEU","LTINT","TOT","PC_PA","Q","2002-Q2",5.113489,
"DEU","LTINT","TOT","PC_PA","Q","2002-Q3",4.614058,
"DEU","LTINT","TOT","PC_PA","Q","2002-Q4",4.425696,
"DEU","LTINT","TOT","PC_PA","Q","2003-Q1",4.045159,
"DEU","LTINT","TOT","PC_PA","Q","2003-Q2",3.859635,
"DEU","LTINT","TOT","PC_PA","Q","2003-Q3",4.091324,
"DEU","LTINT","TOT","PC_PA","Q","2003-Q4",4.288452,
"DEU","LTINT","TOT","PC_PA","Q","2004-Q1",4.06481,
"DEU","LTINT","TOT","PC_PA","Q","2004-Q2",4.22102,
"DEU","LTINT","TOT","PC_PA","Q","2004-Q3",4.111212,
"DEU","LTINT","TOT","PC_PA","Q","2004-Q4",3.75158,
"DEU","LTINT","TOT","PC_PA","Q","2005-Q1",3.601651,
"DEU","LTINT","TOT","PC_PA","Q","2005-Q2",3.304279,
"DEU","LTINT","TOT","PC_PA","Q","2005-Q3",3.168684,
"DEU","LTINT","TOT","PC_PA","Q","2005-Q4",3.341457,
"DEU","LTINT","TOT","PC_PA","Q","2006-Q1",3.477085,
"DEU","LTINT","TOT","PC_PA","Q","2006-Q2",3.939394,
"DEU","LTINT","TOT","PC_PA","Q","2006-Q3",3.882574,
"DEU","LTINT","TOT","PC_PA","Q","2006-Q4",3.757448,
"DEU","LTINT","TOT","PC_PA","Q","2007-Q1",4.002243,
"DEU","LTINT","TOT","PC_PA","Q","2007-Q2",4.330543,
"DEU","LTINT","TOT","PC_PA","Q","2007-Q3",4.342507,
"DEU","LTINT","TOT","PC_PA","Q","2007-Q4",4.192527,
"DEU","LTINT","TOT","PC_PA","Q","2008-Q1",3.926686,
"DEU","LTINT","TOT","PC_PA","Q","2008-Q2",4.254127,
"DEU","LTINT","TOT","PC_PA","Q","2008-Q3",4.262302,
"DEU","LTINT","TOT","PC_PA","Q","2008-Q4",3.495958,
"DEU","LTINT","TOT","PC_PA","Q","2009-Q1",3.072666,
"DEU","LTINT","TOT","PC_PA","Q","2009-Q2",3.325879,
"DEU","LTINT","TOT","PC_PA","Q","2009-Q3",3.302082,
"DEU","LTINT","TOT","PC_PA","Q","2009-Q4",3.188245,
"DEU","LTINT","TOT","PC_PA","Q","2010-Q1",3.176558,
"DEU","LTINT","TOT","PC_PA","Q","2010-Q2",2.780656,
"DEU","LTINT","TOT","PC_PA","Q","2010-Q3",2.422121,
"DEU","LTINT","TOT","PC_PA","Q","2010-Q4",2.597734,
"DEU","LTINT","TOT","PC_PA","Q","2011-Q1",3.142469,
"DEU","LTINT","TOT","PC_PA","Q","2011-Q2",3.097448,
"DEU","LTINT","TOT","PC_PA","Q","2011-Q3",2.262126,
"DEU","LTINT","TOT","PC_PA","Q","2011-Q4",1.934697,
"DEU","LTINT","TOT","PC_PA","Q","2012-Q1",1.834423,
"DEU","LTINT","TOT","PC_PA","Q","2012-Q2",1.420502,
"DEU","LTINT","TOT","PC_PA","Q","2012-Q3",1.358171,
"DEU","LTINT","TOT","PC_PA","Q","2012-Q4",1.367426,
"DEU","LTINT","TOT","PC_PA","Q","2013-Q1",1.470091,
"DEU","LTINT","TOT","PC_PA","Q","2013-Q2",1.340261,
"DEU","LTINT","TOT","PC_PA","Q","2013-Q3",1.729582,
"DEU","LTINT","TOT","PC_PA","Q","2013-Q4",1.745698,
"DEU","LTINT","TOT","PC_PA","Q","2014-Q1",1.60766,
"DEU","LTINT","TOT","PC_PA","Q","2014-Q2",1.34931,
"DEU","LTINT","TOT","PC_PA","Q","2014-Q3",0.9973006,
"DEU","LTINT","TOT","PC_PA","Q","2014-Q4",0.6996188,
"DEU","LTINT","TOT","PC_PA","Q","2015-Q1",0.3064242,
"DEU","LTINT","TOT","PC_PA","Q","2015-Q2",0.4901722,
"DEU","LTINT","TOT","PC_PA","Q","2015-Q3",0.6575541,
"DEU","LTINT","TOT","PC_PA","Q","2015-Q4",0.5266241,
"DEU","LTINT","TOT","PC_PA","Q","2016-Q1",0.2582619,
"DEU","LTINT","TOT","PC_PA","Q","2016-Q2",0.08344156,
"DEU","LTINT","TOT","PC_PA","Q","2016-Q3",-0.1233719,
"DEU","LTINT","TOT","PC_PA","Q","2016-Q4",0.1476652,
"DEU","LTINT","TOT","PC_PA","Q","2017-Q1",0.2857233,
"DEU","LTINT","TOT","PC_PA","Q","2017-Q2",0.2707985,
"DEU","LTINT","TOT","PC_PA","Q","2017-Q3",0.3829814,
"DEU","LTINT","TOT","PC_PA","Q","2017-Q4",0.3258413,
"DEU","LTINT","TOT","PC_PA","Q","2018-Q1",0.5543564,
"DEU","LTINT","TOT","PC_PA","Q","2018-Q2",0.4190476,
"DEU","LTINT","TOT","PC_PA","Q","2018-Q3",0.3119717,
"DEU","LTINT","TOT","PC_PA","Q","2018-Q4",0.3000802,
"DEU","LTINT","TOT","PC_PA","Q","2019-Q1",0.06639322,
"DEU","LTINT","TOT","PC_PA","Q","2019-Q2",-0.1631029,
"DEU","LTINT","TOT","PC_PA","Q","2019-Q3",-0.5440379,
"DEU","LTINT","TOT","PC_PA","Q","2019-Q4",-0.3737903,
"DEU","LTINT","TOT","PC_PA","Q","2020-Q1",-0.4403333,
"DEU","LTINT","TOT","PC_PA","Q","2020-Q2",-0.4667619,
"DEU","LTINT","TOT","PC_PA","Q","2020-Q3",-0.5234892,
"DEU","LTINT","TOT","PC_PA","Q","2020-Q4",-0.6135116,
"DEU","LTINT","TOT","PC_PA","Q","2021-Q1",-0.4645942,
"DEU","LTINT","TOT","PC_PA","Q","2021-Q2",-0.2790455,
"DEU","LTINT","TOT","PC_PA","Q","2021-Q3",-0.4509091,
"DEU","LTINT","TOT","PC_PA","Q","2021-Q4",-0.3007359,
"DEU","LTINT","TOT","PC_PA","Q","2022-Q1",0.1056591,
"DEU","LTINT","TOT","PC_PA","Q","2022-Q2",1.048014,
"DEU","LTINT","TOT","PC_PA","Q","2022-Q3",1.303902,
"DEU","LTINT","TOT","PC_PA","Q","2022-Q4",2.112756,
"DEU","LTINT","TOT","PC_PA","Q","2023-Q1",2.315568,
"IRL","LTINT","TOT","PC_PA","Q","1995-Q1",8.753333,
"IRL","LTINT","TOT","PC_PA","Q","1995-Q2",8.433333,
"IRL","LTINT","TOT","PC_PA","Q","1995-Q3",8.166667,
"IRL","LTINT","TOT","PC_PA","Q","1995-Q4",7.666667,
"IRL","LTINT","TOT","PC_PA","Q","1996-Q1",7.513333,
"IRL","LTINT","TOT","PC_PA","Q","1996-Q2",7.576667,
"IRL","LTINT","TOT","PC_PA","Q","1996-Q3",7.376667,
"IRL","LTINT","TOT","PC_PA","Q","1996-Q4",6.69,
"IRL","LTINT","TOT","PC_PA","Q","1997-Q1",6.51,
"IRL","LTINT","TOT","PC_PA","Q","1997-Q2",6.573333,
"IRL","LTINT","TOT","PC_PA","Q","1997-Q3",6.23,
"IRL","LTINT","TOT","PC_PA","Q","1997-Q4",5.86,
"IRL","LTINT","TOT","PC_PA","Q","1998-Q1",5.22,
"IRL","LTINT","TOT","PC_PA","Q","1998-Q2",5.073333,
"IRL","LTINT","TOT","PC_PA","Q","1998-Q3",4.663333,
"IRL","LTINT","TOT","PC_PA","Q","1998-Q4",4.23,
"IRL","LTINT","TOT","PC_PA","Q","1999-Q1",4.033333,
"IRL","LTINT","TOT","PC_PA","Q","1999-Q2",4.24,
"IRL","LTINT","TOT","PC_PA","Q","1999-Q3",5.146667,
"IRL","LTINT","TOT","PC_PA","Q","1999-Q4",5.423333,
"IRL","LTINT","TOT","PC_PA","Q","2000-Q1",5.713333,
"IRL","LTINT","TOT","PC_PA","Q","2000-Q2",5.5,
"IRL","LTINT","TOT","PC_PA","Q","2000-Q3",5.503334,
"IRL","LTINT","TOT","PC_PA","Q","2000-Q4",5.333333,
"IRL","LTINT","TOT","PC_PA","Q","2001-Q1",4.986667,
"IRL","LTINT","TOT","PC_PA","Q","2001-Q2",5.2,
"IRL","LTINT","TOT","PC_PA","Q","2001-Q3",5.083333,
"IRL","LTINT","TOT","PC_PA","Q","2001-Q4",4.776667,
"IRL","LTINT","TOT","PC_PA","Q","2002-Q1",5.213333,
"IRL","LTINT","TOT","PC_PA","Q","2002-Q2",5.356667,
"IRL","LTINT","TOT","PC_PA","Q","2002-Q3",4.86,
"IRL","LTINT","TOT","PC_PA","Q","2002-Q4",4.61,
"IRL","LTINT","TOT","PC_PA","Q","2003-Q1",4.14,
"IRL","LTINT","TOT","PC_PA","Q","2003-Q2",3.933333,
"IRL","LTINT","TOT","PC_PA","Q","2003-Q3",4.123333,
"IRL","LTINT","TOT","PC_PA","Q","2003-Q4",4.333333,
"IRL","LTINT","TOT","PC_PA","Q","2004-Q1",4.106667,
"IRL","LTINT","TOT","PC_PA","Q","2004-Q2",4.286667,
"IRL","LTINT","TOT","PC_PA","Q","2004-Q3",4.133333,
"IRL","LTINT","TOT","PC_PA","Q","2004-Q4",3.78,
"IRL","LTINT","TOT","PC_PA","Q","2005-Q1",3.563333,
"IRL","LTINT","TOT","PC_PA","Q","2005-Q2",3.29,
"IRL","LTINT","TOT","PC_PA","Q","2005-Q3",3.146667,
"IRL","LTINT","TOT","PC_PA","Q","2005-Q4",3.316667,
"IRL","LTINT","TOT","PC_PA","Q","2006-Q1",3.48,
"IRL","LTINT","TOT","PC_PA","Q","2006-Q2",3.946667,
"IRL","LTINT","TOT","PC_PA","Q","2006-Q3",3.88,
"IRL","LTINT","TOT","PC_PA","Q","2006-Q4",3.753333,
"IRL","LTINT","TOT","PC_PA","Q","2007-Q1",4.026667,
"IRL","LTINT","TOT","PC_PA","Q","2007-Q2",4.376667,
"IRL","LTINT","TOT","PC_PA","Q","2007-Q3",4.436666,
"IRL","LTINT","TOT","PC_PA","Q","2007-Q4",4.383333,
"IRL","LTINT","TOT","PC_PA","Q","2008-Q1",4.21,
"IRL","LTINT","TOT","PC_PA","Q","2008-Q2",4.643333,
"IRL","LTINT","TOT","PC_PA","Q","2008-Q3",4.69,
"IRL","LTINT","TOT","PC_PA","Q","2008-Q4",4.56,
"IRL","LTINT","TOT","PC_PA","Q","2009-Q1",5.536667,
"IRL","LTINT","TOT","PC_PA","Q","2009-Q2",5.446667,
"IRL","LTINT","TOT","PC_PA","Q","2009-Q3",5.093333,
"IRL","LTINT","TOT","PC_PA","Q","2009-Q4",4.823333,
"IRL","LTINT","TOT","PC_PA","Q","2010-Q1",4.696667,
"IRL","LTINT","TOT","PC_PA","Q","2010-Q2",4.976666,
"IRL","LTINT","TOT","PC_PA","Q","2010-Q3",5.586667,
"IRL","LTINT","TOT","PC_PA","Q","2010-Q4",7.696667,
"IRL","LTINT","TOT","PC_PA","Q","2011-Q1",9.173333,
"IRL","LTINT","TOT","PC_PA","Q","2011-Q2",10.62,
"IRL","LTINT","TOT","PC_PA","Q","2011-Q3",10.17667,
"IRL","LTINT","TOT","PC_PA","Q","2011-Q4",8.436666,
"IRL","LTINT","TOT","PC_PA","Q","2012-Q1",7.21,
"IRL","LTINT","TOT","PC_PA","Q","2012-Q2",7.03,
"IRL","LTINT","TOT","PC_PA","Q","2012-Q3",5.77,
"IRL","LTINT","TOT","PC_PA","Q","2012-Q4",4.676667,
"IRL","LTINT","TOT","PC_PA","Q","2013-Q1",3.93,
"IRL","LTINT","TOT","PC_PA","Q","2013-Q2",3.76,
"IRL","LTINT","TOT","PC_PA","Q","2013-Q3",3.916667,
"IRL","LTINT","TOT","PC_PA","Q","2013-Q4",3.553333,
"IRL","LTINT","TOT","PC_PA","Q","2014-Q1",3.226667,
"IRL","LTINT","TOT","PC_PA","Q","2014-Q2",2.683333,
"IRL","LTINT","TOT","PC_PA","Q","2014-Q3",2.016667,
"IRL","LTINT","TOT","PC_PA","Q","2014-Q4",1.543333,
"IRL","LTINT","TOT","PC_PA","Q","2015-Q1",1.046667,
"IRL","LTINT","TOT","PC_PA","Q","2015-Q2",1.21,
"IRL","LTINT","TOT","PC_PA","Q","2015-Q3",1.356667,
"IRL","LTINT","TOT","PC_PA","Q","2015-Q4",1.116667,
"IRL","LTINT","TOT","PC_PA","Q","2016-Q1",0.9633333,
"IRL","LTINT","TOT","PC_PA","Q","2016-Q2",0.82,
"IRL","LTINT","TOT","PC_PA","Q","2016-Q3",0.43,
"IRL","LTINT","TOT","PC_PA","Q","2016-Q4",0.73,
"IRL","LTINT","TOT","PC_PA","Q","2017-Q1",1.033333,
"IRL","LTINT","TOT","PC_PA","Q","2017-Q2",0.8133333,
"IRL","LTINT","TOT","PC_PA","Q","2017-Q3",0.7666667,
"IRL","LTINT","TOT","PC_PA","Q","2017-Q4",0.5933333,
"IRL","LTINT","TOT","PC_PA","Q","2018-Q1",1.016333,
"IRL","LTINT","TOT","PC_PA","Q","2018-Q2",0.9473333,
"IRL","LTINT","TOT","PC_PA","Q","2018-Q3",0.875,
"IRL","LTINT","TOT","PC_PA","Q","2018-Q4",0.9666666,
"IRL","LTINT","TOT","PC_PA","Q","2019-Q1",0.8196667,
"IRL","LTINT","TOT","PC_PA","Q","2019-Q2",0.4434667,
"IRL","LTINT","TOT","PC_PA","Q","2019-Q3",0.02366667,
"IRL","LTINT","TOT","PC_PA","Q","2019-Q4",0.042,
"IRL","LTINT","TOT","PC_PA","Q","2020-Q1",-0.019,
"IRL","LTINT","TOT","PC_PA","Q","2020-Q2",0.1306333,
"IRL","LTINT","TOT","PC_PA","Q","2020-Q3",-0.09893333,
"IRL","LTINT","TOT","PC_PA","Q","2020-Q4",-0.2545667,
"IRL","LTINT","TOT","PC_PA","Q","2021-Q1",-0.08976667,
"IRL","LTINT","TOT","PC_PA","Q","2021-Q2",0.1659667,
"IRL","LTINT","TOT","PC_PA","Q","2021-Q3",0.0065,
"IRL","LTINT","TOT","PC_PA","Q","2021-Q4",0.1699333,
"IRL","LTINT","TOT","PC_PA","Q","2022-Q1",0.6949,
"IRL","LTINT","TOT","PC_PA","Q","2022-Q2",1.719533,
"IRL","LTINT","TOT","PC_PA","Q","2022-Q3",1.958167,
"IRL","LTINT","TOT","PC_PA","Q","2022-Q4",2.609867,
"IRL","LTINT","TOT","PC_PA","Q","2023-Q1",2.7893,
"ITA","LTINT","TOT","PC_PA","Q","1995-Q1",12.7385,
"ITA","LTINT","TOT","PC_PA","Q","1995-Q2",12.69579,
"ITA","LTINT","TOT","PC_PA","Q","1995-Q3",11.80411,
"ITA","LTINT","TOT","PC_PA","Q","1995-Q4",11.58707,
"ITA","LTINT","TOT","PC_PA","Q","1996-Q1",10.5461,
"ITA","LTINT","TOT","PC_PA","Q","1996-Q2",9.868373,
"ITA","LTINT","TOT","PC_PA","Q","1996-Q3",9.360106,
"ITA","LTINT","TOT","PC_PA","Q","1996-Q4",7.830367,
"ITA","LTINT","TOT","PC_PA","Q","1997-Q1",7.53606,
"ITA","LTINT","TOT","PC_PA","Q","1997-Q2",7.374367,
"ITA","LTINT","TOT","PC_PA","Q","1997-Q3",6.510497,
"ITA","LTINT","TOT","PC_PA","Q","1997-Q4",6.022513,
"ITA","LTINT","TOT","PC_PA","Q","1998-Q1",5.335643,
"ITA","LTINT","TOT","PC_PA","Q","1998-Q2",5.144247,
"ITA","LTINT","TOT","PC_PA","Q","1998-Q3",4.761024,
"ITA","LTINT","TOT","PC_PA","Q","1998-Q4",4.288313,
"ITA","LTINT","TOT","PC_PA","Q","1999-Q1",4.082453,
"ITA","LTINT","TOT","PC_PA","Q","1999-Q2",4.334873,
"ITA","LTINT","TOT","PC_PA","Q","1999-Q3",5.11798,
"ITA","LTINT","TOT","PC_PA","Q","1999-Q4",5.3757,
"ITA","LTINT","TOT","PC_PA","Q","2000-Q1",5.68374,
"ITA","LTINT","TOT","PC_PA","Q","2000-Q2",5.546683,
"ITA","LTINT","TOT","PC_PA","Q","2000-Q3",5.595427,
"ITA","LTINT","TOT","PC_PA","Q","2000-Q4",5.474867,
"ITA","LTINT","TOT","PC_PA","Q","2001-Q1",5.165753,
"ITA","LTINT","TOT","PC_PA","Q","2001-Q2",5.376667,
"ITA","LTINT","TOT","PC_PA","Q","2001-Q3",5.275583,
"ITA","LTINT","TOT","PC_PA","Q","2001-Q4",4.937143,
"ITA","LTINT","TOT","PC_PA","Q","2002-Q1",5.250847,
"ITA","LTINT","TOT","PC_PA","Q","2002-Q2",5.35509,
"ITA","LTINT","TOT","PC_PA","Q","2002-Q3",4.85206,
"ITA","LTINT","TOT","PC_PA","Q","2002-Q4",4.680227,
"ITA","LTINT","TOT","PC_PA","Q","2003-Q1",4.23897,
"ITA","LTINT","TOT","PC_PA","Q","2003-Q2",4.056383,
"ITA","LTINT","TOT","PC_PA","Q","2003-Q3",4.24661,
"ITA","LTINT","TOT","PC_PA","Q","2003-Q4",4.4508,
"ITA","LTINT","TOT","PC_PA","Q","2004-Q1",4.27604,
"ITA","LTINT","TOT","PC_PA","Q","2004-Q2",4.462606,
"ITA","LTINT","TOT","PC_PA","Q","2004-Q3",4.322603,
"ITA","LTINT","TOT","PC_PA","Q","2004-Q4",3.97345,
"ITA","LTINT","TOT","PC_PA","Q","2005-Q1",3.742353,
"ITA","LTINT","TOT","PC_PA","Q","2005-Q2",3.53696,
"ITA","LTINT","TOT","PC_PA","Q","2005-Q3",3.39147,
"ITA","LTINT","TOT","PC_PA","Q","2005-Q4",3.550927,
"ITA","LTINT","TOT","PC_PA","Q","2006-Q1",3.72124,
"ITA","LTINT","TOT","PC_PA","Q","2006-Q2",4.26708,
"ITA","LTINT","TOT","PC_PA","Q","2006-Q3",4.171,
"ITA","LTINT","TOT","PC_PA","Q","2006-Q4",4.025887,
"ITA","LTINT","TOT","PC_PA","Q","2007-Q1",4.239703,
"ITA","LTINT","TOT","PC_PA","Q","2007-Q2",4.543963,
"ITA","LTINT","TOT","PC_PA","Q","2007-Q3",4.63915,
"ITA","LTINT","TOT","PC_PA","Q","2007-Q4",4.52622,
"ITA","LTINT","TOT","PC_PA","Q","2008-Q1",4.376936,
"ITA","LTINT","TOT","PC_PA","Q","2008-Q2",4.78012,
"ITA","LTINT","TOT","PC_PA","Q","2008-Q3",4.9042,
"ITA","LTINT","TOT","PC_PA","Q","2008-Q4",4.66378,
"ITA","LTINT","TOT","PC_PA","Q","2009-Q1",4.538483,
"ITA","LTINT","TOT","PC_PA","Q","2009-Q2",4.4591,
"ITA","LTINT","TOT","PC_PA","Q","2009-Q3",4.192187,
"ITA","LTINT","TOT","PC_PA","Q","2009-Q4",4.05508,
"ITA","LTINT","TOT","PC_PA","Q","2010-Q1",4.023423,
"ITA","LTINT","TOT","PC_PA","Q","2010-Q2",4.027566,
"ITA","LTINT","TOT","PC_PA","Q","2010-Q3",3.896727,
"ITA","LTINT","TOT","PC_PA","Q","2010-Q4",4.195763,
"ITA","LTINT","TOT","PC_PA","Q","2011-Q1",4.780026,
"ITA","LTINT","TOT","PC_PA","Q","2011-Q2",4.80417,
"ITA","LTINT","TOT","PC_PA","Q","2011-Q3",5.493173,
"ITA","LTINT","TOT","PC_PA","Q","2011-Q4",6.61364,
"ITA","LTINT","TOT","PC_PA","Q","2012-Q1",5.710607,
"ITA","LTINT","TOT","PC_PA","Q","2012-Q2",5.78761,
"ITA","LTINT","TOT","PC_PA","Q","2012-Q3",5.690523,
"ITA","LTINT","TOT","PC_PA","Q","2012-Q4",4.781963,
"ITA","LTINT","TOT","PC_PA","Q","2013-Q1",4.446983,
"ITA","LTINT","TOT","PC_PA","Q","2013-Q2",4.20684,
"ITA","LTINT","TOT","PC_PA","Q","2013-Q3",4.45949,
"ITA","LTINT","TOT","PC_PA","Q","2013-Q4",4.15223,
"ITA","LTINT","TOT","PC_PA","Q","2014-Q1",3.63883,
"ITA","LTINT","TOT","PC_PA","Q","2014-Q2",3.0904,
"ITA","LTINT","TOT","PC_PA","Q","2014-Q3",2.608813,
"ITA","LTINT","TOT","PC_PA","Q","2014-Q4",2.234687,
"ITA","LTINT","TOT","PC_PA","Q","2015-Q1",1.517733,
"ITA","LTINT","TOT","PC_PA","Q","2015-Q2",1.789567,
"ITA","LTINT","TOT","PC_PA","Q","2015-Q3",1.933613,
"ITA","LTINT","TOT","PC_PA","Q","2015-Q4",1.61496,
"ITA","LTINT","TOT","PC_PA","Q","2016-Q1",1.48932,
"ITA","LTINT","TOT","PC_PA","Q","2016-Q2",1.47385,
"ITA","LTINT","TOT","PC_PA","Q","2016-Q3",1.22321,
"ITA","LTINT","TOT","PC_PA","Q","2016-Q4",1.75981,
"ITA","LTINT","TOT","PC_PA","Q","2017-Q1",2.247907,
"ITA","LTINT","TOT","PC_PA","Q","2017-Q2",2.168147,
"ITA","LTINT","TOT","PC_PA","Q","2017-Q3",2.150253,
"ITA","LTINT","TOT","PC_PA","Q","2017-Q4",1.88574,
"ITA","LTINT","TOT","PC_PA","Q","2018-Q1",2.010147,
"ITA","LTINT","TOT","PC_PA","Q","2018-Q2",2.232403,
"ITA","LTINT","TOT","PC_PA","Q","2018-Q3",2.920813,
"ITA","LTINT","TOT","PC_PA","Q","2018-Q4",3.278017,
"ITA","LTINT","TOT","PC_PA","Q","2019-Q1",2.757457,
"ITA","LTINT","TOT","PC_PA","Q","2019-Q2",2.515113,
"ITA","LTINT","TOT","PC_PA","Q","2019-Q3",1.319877,
"ITA","LTINT","TOT","PC_PA","Q","2019-Q4",1.2132,
"ITA","LTINT","TOT","PC_PA","Q","2020-Q1",1.260557,
"ITA","LTINT","TOT","PC_PA","Q","2020-Q2",1.672123,
"ITA","LTINT","TOT","PC_PA","Q","2020-Q3",1.069797,
"ITA","LTINT","TOT","PC_PA","Q","2020-Q4",0.67069,
"ITA","LTINT","TOT","PC_PA","Q","2021-Q1",0.6366867,
"ITA","LTINT","TOT","PC_PA","Q","2021-Q2",0.8855767,
"ITA","LTINT","TOT","PC_PA","Q","2021-Q3",0.7174333,
"ITA","LTINT","TOT","PC_PA","Q","2021-Q4",1.003623,
"ITA","LTINT","TOT","PC_PA","Q","2022-Q1",1.6646,
"ITA","LTINT","TOT","PC_PA","Q","2022-Q2",3.020166,
"ITA","LTINT","TOT","PC_PA","Q","2022-Q3",3.597929,
"ITA","LTINT","TOT","PC_PA","Q","2022-Q4",4.343837,
"ITA","LTINT","TOT","PC_PA","Q","2023-Q1",NA,
"NLD","LTINT","TOT","PC_PA","Q","1995-Q1",7.556,
"NLD","LTINT","TOT","PC_PA","Q","1995-Q2",6.973333,
"NLD","LTINT","TOT","PC_PA","Q","1995-Q3",6.724667,
"NLD","LTINT","TOT","PC_PA","Q","1995-Q4",6.344666,
"NLD","LTINT","TOT","PC_PA","Q","1996-Q1",6.176333,
"NLD","LTINT","TOT","PC_PA","Q","1996-Q2",6.386333,
"NLD","LTINT","TOT","PC_PA","Q","1996-Q3",6.251333,
"NLD","LTINT","TOT","PC_PA","Q","1996-Q4",5.785666,
"NLD","LTINT","TOT","PC_PA","Q","1997-Q1",5.589334,
"NLD","LTINT","TOT","PC_PA","Q","1997-Q2",5.704667,
"NLD","LTINT","TOT","PC_PA","Q","1997-Q3",5.548666,
"NLD","LTINT","TOT","PC_PA","Q","1997-Q4",5.466,
"NLD","LTINT","TOT","PC_PA","Q","1998-Q1",5.007333,
"NLD","LTINT","TOT","PC_PA","Q","1998-Q2",4.929667,
"NLD","LTINT","TOT","PC_PA","Q","1998-Q3",4.496,
"NLD","LTINT","TOT","PC_PA","Q","1998-Q4",4.093667,
"NLD","LTINT","TOT","PC_PA","Q","1999-Q1",3.957333,
"NLD","LTINT","TOT","PC_PA","Q","1999-Q2",4.233667,
"NLD","LTINT","TOT","PC_PA","Q","1999-Q3",5.022,
"NLD","LTINT","TOT","PC_PA","Q","1999-Q4",5.301,
"NLD","LTINT","TOT","PC_PA","Q","2000-Q1",5.6,
"NLD","LTINT","TOT","PC_PA","Q","2000-Q2",5.397,
"NLD","LTINT","TOT","PC_PA","Q","2000-Q3",5.392,
"NLD","LTINT","TOT","PC_PA","Q","2000-Q4",5.224333,
"NLD","LTINT","TOT","PC_PA","Q","2001-Q1",4.890666,
"NLD","LTINT","TOT","PC_PA","Q","2001-Q2",5.135667,
"NLD","LTINT","TOT","PC_PA","Q","2001-Q3",5.043334,
"NLD","LTINT","TOT","PC_PA","Q","2001-Q4",4.758333,
"NLD","LTINT","TOT","PC_PA","Q","2002-Q1",5.088666,
"NLD","LTINT","TOT","PC_PA","Q","2002-Q2",5.239333,
"NLD","LTINT","TOT","PC_PA","Q","2002-Q3",4.733667,
"NLD","LTINT","TOT","PC_PA","Q","2002-Q4",4.499333,
"NLD","LTINT","TOT","PC_PA","Q","2003-Q1",4.057667,
"NLD","LTINT","TOT","PC_PA","Q","2003-Q2",3.955667,
"NLD","LTINT","TOT","PC_PA","Q","2003-Q3",4.144333,
"NLD","LTINT","TOT","PC_PA","Q","2003-Q4",4.335,
"NLD","LTINT","TOT","PC_PA","Q","2004-Q1",4.079,
"NLD","LTINT","TOT","PC_PA","Q","2004-Q2",4.306667,
"NLD","LTINT","TOT","PC_PA","Q","2004-Q3",4.180666,
"NLD","LTINT","TOT","PC_PA","Q","2004-Q4",3.813667,
"NLD","LTINT","TOT","PC_PA","Q","2005-Q1",3.598,
"NLD","LTINT","TOT","PC_PA","Q","2005-Q2",3.305,
"NLD","LTINT","TOT","PC_PA","Q","2005-Q3",3.222667,
"NLD","LTINT","TOT","PC_PA","Q","2005-Q4",3.37,
"NLD","LTINT","TOT","PC_PA","Q","2006-Q1",3.486333,
"NLD","LTINT","TOT","PC_PA","Q","2006-Q2",3.952667,
"NLD","LTINT","TOT","PC_PA","Q","2006-Q3",3.891667,
"NLD","LTINT","TOT","PC_PA","Q","2006-Q4",3.796,
"NLD","LTINT","TOT","PC_PA","Q","2007-Q1",4.034667,
"NLD","LTINT","TOT","PC_PA","Q","2007-Q2",4.378667,
"NLD","LTINT","TOT","PC_PA","Q","2007-Q3",4.43,
"NLD","LTINT","TOT","PC_PA","Q","2007-Q4",4.307667,
"NLD","LTINT","TOT","PC_PA","Q","2008-Q1",4.050333,
"NLD","LTINT","TOT","PC_PA","Q","2008-Q2",4.435333,
"NLD","LTINT","TOT","PC_PA","Q","2008-Q3",4.479333,
"NLD","LTINT","TOT","PC_PA","Q","2008-Q4",3.946,
"NLD","LTINT","TOT","PC_PA","Q","2009-Q1",3.739333,
"NLD","LTINT","TOT","PC_PA","Q","2009-Q2",3.86,
"NLD","LTINT","TOT","PC_PA","Q","2009-Q3",3.651,
"NLD","LTINT","TOT","PC_PA","Q","2009-Q4",3.497,
"NLD","LTINT","TOT","PC_PA","Q","2010-Q1",3.397,
"NLD","LTINT","TOT","PC_PA","Q","2010-Q2",3.079333,
"NLD","LTINT","TOT","PC_PA","Q","2010-Q3",2.645,
"NLD","LTINT","TOT","PC_PA","Q","2010-Q4",2.839,
"NLD","LTINT","TOT","PC_PA","Q","2011-Q1",3.353,
"NLD","LTINT","TOT","PC_PA","Q","2011-Q2",3.444333,
"NLD","LTINT","TOT","PC_PA","Q","2011-Q3",2.728333,
"NLD","LTINT","TOT","PC_PA","Q","2011-Q4",2.428667,
"NLD","LTINT","TOT","PC_PA","Q","2012-Q1",2.227333,
"NLD","LTINT","TOT","PC_PA","Q","2012-Q2",2.059333,
"NLD","LTINT","TOT","PC_PA","Q","2012-Q3",1.782667,
"NLD","LTINT","TOT","PC_PA","Q","2012-Q4",1.659667,
"NLD","LTINT","TOT","PC_PA","Q","2013-Q1",1.744667,
"NLD","LTINT","TOT","PC_PA","Q","2013-Q2",1.784667,
"NLD","LTINT","TOT","PC_PA","Q","2013-Q3",2.183333,
"NLD","LTINT","TOT","PC_PA","Q","2013-Q4",2.129667,
"NLD","LTINT","TOT","PC_PA","Q","2014-Q1",1.933,
"NLD","LTINT","TOT","PC_PA","Q","2014-Q2",1.717667,
"NLD","LTINT","TOT","PC_PA","Q","2014-Q3",1.253667,
"NLD","LTINT","TOT","PC_PA","Q","2014-Q4",0.9143333,
"NLD","LTINT","TOT","PC_PA","Q","2015-Q1",0.4206667,
"NLD","LTINT","TOT","PC_PA","Q","2015-Q2",0.7073333,
"NLD","LTINT","TOT","PC_PA","Q","2015-Q3",0.9016666,
"NLD","LTINT","TOT","PC_PA","Q","2015-Q4",0.7316667,
"NLD","LTINT","TOT","PC_PA","Q","2016-Q1",0.4456667,
"NLD","LTINT","TOT","PC_PA","Q","2016-Q2",0.343,
"NLD","LTINT","TOT","PC_PA","Q","2016-Q3",0.05,
"NLD","LTINT","TOT","PC_PA","Q","2016-Q4",0.3256667,
"NLD","LTINT","TOT","PC_PA","Q","2017-Q1",0.484,
"NLD","LTINT","TOT","PC_PA","Q","2017-Q2",0.53,
"NLD","LTINT","TOT","PC_PA","Q","2017-Q3",0.5873333,
"NLD","LTINT","TOT","PC_PA","Q","2017-Q4",0.487,
"NLD","LTINT","TOT","PC_PA","Q","2018-Q1",0.666,
"NLD","LTINT","TOT","PC_PA","Q","2018-Q2",0.642,
"NLD","LTINT","TOT","PC_PA","Q","2018-Q3",0.4993333,
"NLD","LTINT","TOT","PC_PA","Q","2018-Q4",0.5003333,
"NLD","LTINT","TOT","PC_PA","Q","2019-Q1",0.2393333,
"NLD","LTINT","TOT","PC_PA","Q","2019-Q2",0.071,
"NLD","LTINT","TOT","PC_PA","Q","2019-Q3",-0.3773333,
"NLD","LTINT","TOT","PC_PA","Q","2019-Q4",-0.2136667,
"NLD","LTINT","TOT","PC_PA","Q","2020-Q1",-0.277,
"NLD","LTINT","TOT","PC_PA","Q","2020-Q2",-0.2743333,
"NLD","LTINT","TOT","PC_PA","Q","2020-Q3",-0.4143333,
"NLD","LTINT","TOT","PC_PA","Q","2020-Q4",-0.5413333,
"NLD","LTINT","TOT","PC_PA","Q","2021-Q1",-0.4183333,
"NLD","LTINT","TOT","PC_PA","Q","2021-Q2",-0.2393333,
"NLD","LTINT","TOT","PC_PA","Q","2021-Q3",-0.4,
"NLD","LTINT","TOT","PC_PA","Q","2021-Q4",-0.2546667,
"NLD","LTINT","TOT","PC_PA","Q","2022-Q1",0.1606667,
"NLD","LTINT","TOT","PC_PA","Q","2022-Q2",1.242333,
"NLD","LTINT","TOT","PC_PA","Q","2022-Q3",1.674333,
"NLD","LTINT","TOT","PC_PA","Q","2022-Q4",2.433333,
"NLD","LTINT","TOT","PC_PA","Q","2023-Q1",2.645,
"NOR","LTINT","TOT","PC_PA","Q","1995-Q1",8.046667,
"NOR","LTINT","TOT","PC_PA","Q","1995-Q2",7.59,
"NOR","LTINT","TOT","PC_PA","Q","1995-Q3",7.353333,
"NOR","LTINT","TOT","PC_PA","Q","1995-Q4",6.706666,
"NOR","LTINT","TOT","PC_PA","Q","1996-Q1",6.676667,
"NOR","LTINT","TOT","PC_PA","Q","1996-Q2",6.886667,
"NOR","LTINT","TOT","PC_PA","Q","1996-Q3",7.003334,
"NOR","LTINT","TOT","PC_PA","Q","1996-Q4",6.526667,
"NOR","LTINT","TOT","PC_PA","Q","1997-Q1",5.873333,
"NOR","LTINT","TOT","PC_PA","Q","1997-Q2",6.056667,
"NOR","LTINT","TOT","PC_PA","Q","1997-Q3",5.966667,
"NOR","LTINT","TOT","PC_PA","Q","1997-Q4",5.656667,
"NOR","LTINT","TOT","PC_PA","Q","1998-Q1",5.3,
"NOR","LTINT","TOT","PC_PA","Q","1998-Q2",5.433333,
"NOR","LTINT","TOT","PC_PA","Q","1998-Q3",5.436666,
"NOR","LTINT","TOT","PC_PA","Q","1998-Q4",5.43,
"NOR","LTINT","TOT","PC_PA","Q","1999-Q1",4.893333,
"NOR","LTINT","TOT","PC_PA","Q","1999-Q2",5.04,
"NOR","LTINT","TOT","PC_PA","Q","1999-Q3",5.936666,
"NOR","LTINT","TOT","PC_PA","Q","1999-Q4",6.12,
"NOR","LTINT","TOT","PC_PA","Q","2000-Q1",6.276667,
"NOR","LTINT","TOT","PC_PA","Q","2000-Q2",6.143333,
"NOR","LTINT","TOT","PC_PA","Q","2000-Q3",6.246666,
"NOR","LTINT","TOT","PC_PA","Q","2000-Q4",6.206666,
"NOR","LTINT","TOT","PC_PA","Q","2001-Q1",5.973333,
"NOR","LTINT","TOT","PC_PA","Q","2001-Q2",6.43,
"NOR","LTINT","TOT","PC_PA","Q","2001-Q3",6.5,
"NOR","LTINT","TOT","PC_PA","Q","2001-Q4",6.043334,
"NOR","LTINT","TOT","PC_PA","Q","2002-Q1",6.403333,
"NOR","LTINT","TOT","PC_PA","Q","2002-Q2",6.753334,
"NOR","LTINT","TOT","PC_PA","Q","2002-Q3",6.31,
"NOR","LTINT","TOT","PC_PA","Q","2002-Q4",6.07,
"NOR","LTINT","TOT","PC_PA","Q","2003-Q1",5.416667,
"NOR","LTINT","TOT","PC_PA","Q","2003-Q2",4.926667,
"NOR","LTINT","TOT","PC_PA","Q","2003-Q3",4.94,
"NOR","LTINT","TOT","PC_PA","Q","2003-Q4",4.896667,
"NOR","LTINT","TOT","PC_PA","Q","2004-Q1",4.316667,
"NOR","LTINT","TOT","PC_PA","Q","2004-Q2",4.766667,
"NOR","LTINT","TOT","PC_PA","Q","2004-Q3",4.33,
"NOR","LTINT","TOT","PC_PA","Q","2004-Q4",4.06,
"NOR","LTINT","TOT","PC_PA","Q","2005-Q1",3.896667,
"NOR","LTINT","TOT","PC_PA","Q","2005-Q2",3.706667,
"NOR","LTINT","TOT","PC_PA","Q","2005-Q3",3.556667,
"NOR","LTINT","TOT","PC_PA","Q","2005-Q4",3.823333,
"NOR","LTINT","TOT","PC_PA","Q","2006-Q1",3.736667,
"NOR","LTINT","TOT","PC_PA","Q","2006-Q2",4.166667,
"NOR","LTINT","TOT","PC_PA","Q","2006-Q3",4.21,
"NOR","LTINT","TOT","PC_PA","Q","2006-Q4",4.193333,
"NOR","LTINT","TOT","PC_PA","Q","2007-Q1",4.453333,
"NOR","LTINT","TOT","PC_PA","Q","2007-Q2",4.926667,
"NOR","LTINT","TOT","PC_PA","Q","2007-Q3",4.94,
"NOR","LTINT","TOT","PC_PA","Q","2007-Q4",4.776667,
"NOR","LTINT","TOT","PC_PA","Q","2008-Q1",4.396667,
"NOR","LTINT","TOT","PC_PA","Q","2008-Q2",4.69,
"NOR","LTINT","TOT","PC_PA","Q","2008-Q3",4.706666,
"NOR","LTINT","TOT","PC_PA","Q","2008-Q4",4.04,
"NOR","LTINT","TOT","PC_PA","Q","2009-Q1",3.75,
"NOR","LTINT","TOT","PC_PA","Q","2009-Q2",4.083333,
"NOR","LTINT","TOT","PC_PA","Q","2009-Q3",4.13,
"NOR","LTINT","TOT","PC_PA","Q","2009-Q4",4.03,
"NOR","LTINT","TOT","PC_PA","Q","2010-Q1",3.933333,
"NOR","LTINT","TOT","PC_PA","Q","2010-Q2",3.553333,
"NOR","LTINT","TOT","PC_PA","Q","2010-Q3",3.25,
"NOR","LTINT","TOT","PC_PA","Q","2010-Q4",3.376667,
"NOR","LTINT","TOT","PC_PA","Q","2011-Q1",3.776667,
"NOR","LTINT","TOT","PC_PA","Q","2011-Q2",3.543333,
"NOR","LTINT","TOT","PC_PA","Q","2011-Q3",2.733333,
"NOR","LTINT","TOT","PC_PA","Q","2011-Q4",2.486667,
"NOR","LTINT","TOT","PC_PA","Q","2012-Q1",2.366667,
"NOR","LTINT","TOT","PC_PA","Q","2012-Q2",2.11,
"NOR","LTINT","TOT","PC_PA","Q","2012-Q3",1.906667,
"NOR","LTINT","TOT","PC_PA","Q","2012-Q4",2.023333,
"NOR","LTINT","TOT","PC_PA","Q","2013-Q1",2.346667,
"NOR","LTINT","TOT","PC_PA","Q","2013-Q2",2.19,
"NOR","LTINT","TOT","PC_PA","Q","2013-Q3",2.856667,
"NOR","LTINT","TOT","PC_PA","Q","2013-Q4",2.916667,
"NOR","LTINT","TOT","PC_PA","Q","2014-Q1",2.913333,
"NOR","LTINT","TOT","PC_PA","Q","2014-Q2",2.74,
"NOR","LTINT","TOT","PC_PA","Q","2014-Q3",2.396667,
"NOR","LTINT","TOT","PC_PA","Q","2014-Q4",2.01,
"NOR","LTINT","TOT","PC_PA","Q","2015-Q1",1.46,
"NOR","LTINT","TOT","PC_PA","Q","2015-Q2",1.62,
"NOR","LTINT","TOT","PC_PA","Q","2015-Q3",1.596667,
"NOR","LTINT","TOT","PC_PA","Q","2015-Q4",1.583333,
"NOR","LTINT","TOT","PC_PA","Q","2016-Q1",1.39,
"NOR","LTINT","TOT","PC_PA","Q","2016-Q2",1.29,
"NOR","LTINT","TOT","PC_PA","Q","2016-Q3",1.086667,
"NOR","LTINT","TOT","PC_PA","Q","2016-Q4",1.56,
"NOR","LTINT","TOT","PC_PA","Q","2017-Q1",1.733333,
"NOR","LTINT","TOT","PC_PA","Q","2017-Q2",1.576667,
"NOR","LTINT","TOT","PC_PA","Q","2017-Q3",1.633333,
"NOR","LTINT","TOT","PC_PA","Q","2017-Q4",1.606667,
"NOR","LTINT","TOT","PC_PA","Q","2018-Q1",1.903333,
"NOR","LTINT","TOT","PC_PA","Q","2018-Q2",1.88,
"NOR","LTINT","TOT","PC_PA","Q","2018-Q3",1.81,
"NOR","LTINT","TOT","PC_PA","Q","2018-Q4",1.923333,
"NOR","LTINT","TOT","PC_PA","Q","2019-Q1",1.716667,
"NOR","LTINT","TOT","PC_PA","Q","2019-Q2",1.6,
"NOR","LTINT","TOT","PC_PA","Q","2019-Q3",1.266667,
"NOR","LTINT","TOT","PC_PA","Q","2019-Q4",1.393333,
"NOR","LTINT","TOT","PC_PA","Q","2020-Q1",1.223333,
"NOR","LTINT","TOT","PC_PA","Q","2020-Q2",0.6066667,
"NOR","LTINT","TOT","PC_PA","Q","2020-Q3",0.65,
"NOR","LTINT","TOT","PC_PA","Q","2020-Q4",0.79,
"NOR","LTINT","TOT","PC_PA","Q","2021-Q1",1.25,
"NOR","LTINT","TOT","PC_PA","Q","2021-Q2",1.453333,
"NOR","LTINT","TOT","PC_PA","Q","2021-Q3",1.296667,
"NOR","LTINT","TOT","PC_PA","Q","2021-Q4",1.607175,
"NOR","LTINT","TOT","PC_PA","Q","2022-Q1",2.094921,
"NOR","LTINT","TOT","PC_PA","Q","2022-Q2",2.835262,
"NOR","LTINT","TOT","PC_PA","Q","2022-Q3",3.074714,
"NOR","LTINT","TOT","PC_PA","Q","2022-Q4",3.269886,
"NOR","LTINT","TOT","PC_PA","Q","2023-Q1",3.061733,
"PRT","LTINT","TOT","PC_PA","Q","1995-Q1",11.82333,
"PRT","LTINT","TOT","PC_PA","Q","1995-Q2",11.99,
"PRT","LTINT","TOT","PC_PA","Q","1995-Q3",11.38333,
"PRT","LTINT","TOT","PC_PA","Q","1995-Q4",10.66333,
"PRT","LTINT","TOT","PC_PA","Q","1996-Q1",9.45,
"PRT","LTINT","TOT","PC_PA","Q","1996-Q2",8.97,
"PRT","LTINT","TOT","PC_PA","Q","1996-Q3",8.58,
"PRT","LTINT","TOT","PC_PA","Q","1996-Q4",7.236667,
"PRT","LTINT","TOT","PC_PA","Q","1997-Q1",6.75,
"PRT","LTINT","TOT","PC_PA","Q","1997-Q2",6.566667,
"PRT","LTINT","TOT","PC_PA","Q","1997-Q3",6.246666,
"PRT","LTINT","TOT","PC_PA","Q","1997-Q4",5.87,
"PRT","LTINT","TOT","PC_PA","Q","1998-Q1",5.323333,
"PRT","LTINT","TOT","PC_PA","Q","1998-Q2",5.136667,
"PRT","LTINT","TOT","PC_PA","Q","1998-Q3",4.723333,
"PRT","LTINT","TOT","PC_PA","Q","1998-Q4",4.326667,
"PRT","LTINT","TOT","PC_PA","Q","1999-Q1",4.053333,
"PRT","LTINT","TOT","PC_PA","Q","1999-Q2",4.37,
"PRT","LTINT","TOT","PC_PA","Q","1999-Q3",5.206666,
"PRT","LTINT","TOT","PC_PA","Q","1999-Q4",5.48,
"PRT","LTINT","TOT","PC_PA","Q","2000-Q1",5.733333,
"PRT","LTINT","TOT","PC_PA","Q","2000-Q2",5.58,
"PRT","LTINT","TOT","PC_PA","Q","2000-Q3",5.603333,
"PRT","LTINT","TOT","PC_PA","Q","2000-Q4",5.463333,
"PRT","LTINT","TOT","PC_PA","Q","2001-Q1",5.13,
"PRT","LTINT","TOT","PC_PA","Q","2001-Q2",5.356667,
"PRT","LTINT","TOT","PC_PA","Q","2001-Q3",5.25,
"PRT","LTINT","TOT","PC_PA","Q","2001-Q4",4.896667,
"PRT","LTINT","TOT","PC_PA","Q","2002-Q1",5.206666,
"PRT","LTINT","TOT","PC_PA","Q","2002-Q2",5.35,
"PRT","LTINT","TOT","PC_PA","Q","2002-Q3",4.866667,
"PRT","LTINT","TOT","PC_PA","Q","2002-Q4",4.6,
"PRT","LTINT","TOT","PC_PA","Q","2003-Q1",4.13,
"PRT","LTINT","TOT","PC_PA","Q","2003-Q2",3.953333,
"PRT","LTINT","TOT","PC_PA","Q","2003-Q3",4.216667,
"PRT","LTINT","TOT","PC_PA","Q","2003-Q4",4.413333,
"PRT","LTINT","TOT","PC_PA","Q","2004-Q1",4.146667,
"PRT","LTINT","TOT","PC_PA","Q","2004-Q2",4.38,
"PRT","LTINT","TOT","PC_PA","Q","2004-Q3",4.216667,
"PRT","LTINT","TOT","PC_PA","Q","2004-Q4",3.83,
"PRT","LTINT","TOT","PC_PA","Q","2005-Q1",3.603333,
"PRT","LTINT","TOT","PC_PA","Q","2005-Q2",3.346667,
"PRT","LTINT","TOT","PC_PA","Q","2005-Q3",3.323333,
"PRT","LTINT","TOT","PC_PA","Q","2005-Q4",3.476667,
"PRT","LTINT","TOT","PC_PA","Q","2006-Q1",3.606667,
"PRT","LTINT","TOT","PC_PA","Q","2006-Q2",4.066667,
"PRT","LTINT","TOT","PC_PA","Q","2006-Q3",4.043334,
"PRT","LTINT","TOT","PC_PA","Q","2006-Q4",3.943333,
"PRT","LTINT","TOT","PC_PA","Q","2007-Q1",4.156667,
"PRT","LTINT","TOT","PC_PA","Q","2007-Q2",4.493333,
"PRT","LTINT","TOT","PC_PA","Q","2007-Q3",4.593333,
"PRT","LTINT","TOT","PC_PA","Q","2007-Q4",4.45,
"PRT","LTINT","TOT","PC_PA","Q","2008-Q1",4.313334,
"PRT","LTINT","TOT","PC_PA","Q","2008-Q2",4.693333,
"PRT","LTINT","TOT","PC_PA","Q","2008-Q3",4.766667,
"PRT","LTINT","TOT","PC_PA","Q","2008-Q4",4.303333,
"PRT","LTINT","TOT","PC_PA","Q","2009-Q1",4.506667,
"PRT","LTINT","TOT","PC_PA","Q","2009-Q2",4.44,
"PRT","LTINT","TOT","PC_PA","Q","2009-Q3",4.043334,
"PRT","LTINT","TOT","PC_PA","Q","2009-Q4",3.853333,
"PRT","LTINT","TOT","PC_PA","Q","2010-Q1",4.346667,
"PRT","LTINT","TOT","PC_PA","Q","2010-Q2",5.113333,
"PRT","LTINT","TOT","PC_PA","Q","2010-Q3",5.626667,
"PRT","LTINT","TOT","PC_PA","Q","2010-Q4",6.496666,
"PRT","LTINT","TOT","PC_PA","Q","2011-Q1",7.36,
"PRT","LTINT","TOT","PC_PA","Q","2011-Q2",9.893333,
"PRT","LTINT","TOT","PC_PA","Q","2011-Q3",11.47333,
"PRT","LTINT","TOT","PC_PA","Q","2011-Q4",12.23,
"PRT","LTINT","TOT","PC_PA","Q","2012-Q1",13.22333,
"PRT","LTINT","TOT","PC_PA","Q","2012-Q2",11.38667,
"PRT","LTINT","TOT","PC_PA","Q","2012-Q3",9.666667,
"PRT","LTINT","TOT","PC_PA","Q","2012-Q4",7.913333,
"PRT","LTINT","TOT","PC_PA","Q","2013-Q1",6.246666,
"PRT","LTINT","TOT","PC_PA","Q","2013-Q2",5.97,
"PRT","LTINT","TOT","PC_PA","Q","2013-Q3",6.843333,
"PRT","LTINT","TOT","PC_PA","Q","2013-Q4",6.116667,
"PRT","LTINT","TOT","PC_PA","Q","2014-Q1",4.86,
"PRT","LTINT","TOT","PC_PA","Q","2014-Q2",3.66,
"PRT","LTINT","TOT","PC_PA","Q","2014-Q3",3.446667,
"PRT","LTINT","TOT","PC_PA","Q","2014-Q4",3.05,
"PRT","LTINT","TOT","PC_PA","Q","2015-Q1",2.183333,
"PRT","LTINT","TOT","PC_PA","Q","2015-Q2",2.403333,
"PRT","LTINT","TOT","PC_PA","Q","2015-Q3",2.616667,
"PRT","LTINT","TOT","PC_PA","Q","2015-Q4",2.49,
"PRT","LTINT","TOT","PC_PA","Q","2016-Q1",2.926667,
"PRT","LTINT","TOT","PC_PA","Q","2016-Q2",3.156667,
"PRT","LTINT","TOT","PC_PA","Q","2016-Q3",3.076667,
"PRT","LTINT","TOT","PC_PA","Q","2016-Q4",3.526667,
"PRT","LTINT","TOT","PC_PA","Q","2017-Q1",3.993333,
"PRT","LTINT","TOT","PC_PA","Q","2017-Q2",3.343333,
"PRT","LTINT","TOT","PC_PA","Q","2017-Q3",2.83,
"PRT","LTINT","TOT","PC_PA","Q","2017-Q4",2.043333,
"PRT","LTINT","TOT","PC_PA","Q","2018-Q1",1.89,
"PRT","LTINT","TOT","PC_PA","Q","2018-Q2",1.79,
"PRT","LTINT","TOT","PC_PA","Q","2018-Q3",1.82,
"PRT","LTINT","TOT","PC_PA","Q","2018-Q4",1.856667,
"PRT","LTINT","TOT","PC_PA","Q","2019-Q1",1.513333,
"PRT","LTINT","TOT","PC_PA","Q","2019-Q2",0.93,
"PRT","LTINT","TOT","PC_PA","Q","2019-Q3",0.27,
"PRT","LTINT","TOT","PC_PA","Q","2019-Q4",0.3166667,
"PRT","LTINT","TOT","PC_PA","Q","2020-Q1",0.4433333,
"PRT","LTINT","TOT","PC_PA","Q","2020-Q2",0.77,
"PRT","LTINT","TOT","PC_PA","Q","2020-Q3",0.36,
"PRT","LTINT","TOT","PC_PA","Q","2020-Q4",0.09333333,
"PRT","LTINT","TOT","PC_PA","Q","2021-Q1",0.14,
"PRT","LTINT","TOT","PC_PA","Q","2021-Q2",0.4366667,
"PRT","LTINT","TOT","PC_PA","Q","2021-Q3",0.2233333,
"PRT","LTINT","TOT","PC_PA","Q","2021-Q4",0.38,
"PRT","LTINT","TOT","PC_PA","Q","2022-Q1",0.9333333,
"PRT","LTINT","TOT","PC_PA","Q","2022-Q2",2.183333,
"PRT","LTINT","TOT","PC_PA","Q","2022-Q3",2.436667,
"PRT","LTINT","TOT","PC_PA","Q","2022-Q4",3.126667,
"PRT","LTINT","TOT","PC_PA","Q","2023-Q1",3.223333,
"ESP","LTINT","TOT","PC_PA","Q","1995-Q1",11.90637,
"ESP","LTINT","TOT","PC_PA","Q","1995-Q2",11.6802,
"ESP","LTINT","TOT","PC_PA","Q","1995-Q3",11.03587,
"ESP","LTINT","TOT","PC_PA","Q","1995-Q4",10.4613,
"ESP","LTINT","TOT","PC_PA","Q","1996-Q1",9.687412,
"ESP","LTINT","TOT","PC_PA","Q","1996-Q2",9.2008,
"ESP","LTINT","TOT","PC_PA","Q","1996-Q3",8.691099,
"ESP","LTINT","TOT","PC_PA","Q","1996-Q4",7.366533,
"ESP","LTINT","TOT","PC_PA","Q","1997-Q1",6.867973,
"ESP","LTINT","TOT","PC_PA","Q","1997-Q2",6.678237,
"ESP","LTINT","TOT","PC_PA","Q","1997-Q3",6.201266,
"ESP","LTINT","TOT","PC_PA","Q","1997-Q4",5.858662,
"ESP","LTINT","TOT","PC_PA","Q","1998-Q1",5.239402,
"ESP","LTINT","TOT","PC_PA","Q","1998-Q2",5.070928,
"ESP","LTINT","TOT","PC_PA","Q","1998-Q3",4.718281,
"ESP","LTINT","TOT","PC_PA","Q","1998-Q4",4.303095,
"ESP","LTINT","TOT","PC_PA","Q","1999-Q1",4.052249,
"ESP","LTINT","TOT","PC_PA","Q","1999-Q2",4.320226,
"ESP","LTINT","TOT","PC_PA","Q","1999-Q3",5.133182,
"ESP","LTINT","TOT","PC_PA","Q","1999-Q4",5.403589,
"ESP","LTINT","TOT","PC_PA","Q","2000-Q1",5.679694,
"ESP","LTINT","TOT","PC_PA","Q","2000-Q2",5.511219,
"ESP","LTINT","TOT","PC_PA","Q","2000-Q3",5.531292,
"ESP","LTINT","TOT","PC_PA","Q","2000-Q4",5.381259,
"ESP","LTINT","TOT","PC_PA","Q","2001-Q1",5.078189,
"ESP","LTINT","TOT","PC_PA","Q","2001-Q2",5.28976,
"ESP","LTINT","TOT","PC_PA","Q","2001-Q3",5.214032,
"ESP","LTINT","TOT","PC_PA","Q","2001-Q4",4.879154,
"ESP","LTINT","TOT","PC_PA","Q","2002-Q1",5.162689,
"ESP","LTINT","TOT","PC_PA","Q","2002-Q2",5.309392,
"ESP","LTINT","TOT","PC_PA","Q","2002-Q3",4.807545,
"ESP","LTINT","TOT","PC_PA","Q","2002-Q4",4.550937,
"ESP","LTINT","TOT","PC_PA","Q","2003-Q1",4.095132,
"ESP","LTINT","TOT","PC_PA","Q","2003-Q2",3.917737,
"ESP","LTINT","TOT","PC_PA","Q","2003-Q3",4.143866,
"ESP","LTINT","TOT","PC_PA","Q","2003-Q4",4.335439,
"ESP","LTINT","TOT","PC_PA","Q","2004-Q1",4.117139,
"ESP","LTINT","TOT","PC_PA","Q","2004-Q2",4.307871,
"ESP","LTINT","TOT","PC_PA","Q","2004-Q3",4.171682,
"ESP","LTINT","TOT","PC_PA","Q","2004-Q4",3.81988,
"ESP","LTINT","TOT","PC_PA","Q","2005-Q1",3.63501,
"ESP","LTINT","TOT","PC_PA","Q","2005-Q2",3.358125,
"ESP","LTINT","TOT","PC_PA","Q","2005-Q3",3.1797,
"ESP","LTINT","TOT","PC_PA","Q","2005-Q4",3.372562,
"ESP","LTINT","TOT","PC_PA","Q","2006-Q1",3.487468,
"ESP","LTINT","TOT","PC_PA","Q","2006-Q2",3.964463,
"ESP","LTINT","TOT","PC_PA","Q","2006-Q3",3.893252,
"ESP","LTINT","TOT","PC_PA","Q","2006-Q4",3.792058,
"ESP","LTINT","TOT","PC_PA","Q","2007-Q1",4.063979,
"ESP","LTINT","TOT","PC_PA","Q","2007-Q2",4.388436,
"ESP","LTINT","TOT","PC_PA","Q","2007-Q3",4.449452,
"ESP","LTINT","TOT","PC_PA","Q","2007-Q4",4.324639,
"ESP","LTINT","TOT","PC_PA","Q","2008-Q1",4.148151,
"ESP","LTINT","TOT","PC_PA","Q","2008-Q2",4.508014,
"ESP","LTINT","TOT","PC_PA","Q","2008-Q3",4.641771,
"ESP","LTINT","TOT","PC_PA","Q","2008-Q4",4.156992,
"ESP","LTINT","TOT","PC_PA","Q","2009-Q1",4.146051,
"ESP","LTINT","TOT","PC_PA","Q","2009-Q2",4.098349,
"ESP","LTINT","TOT","PC_PA","Q","2009-Q3",3.864522,
"ESP","LTINT","TOT","PC_PA","Q","2009-Q4",3.788272,
"ESP","LTINT","TOT","PC_PA","Q","2010-Q1",3.93241,
"ESP","LTINT","TOT","PC_PA","Q","2010-Q2",4.180355,
"ESP","LTINT","TOT","PC_PA","Q","2010-Q3",4.188303,
"ESP","LTINT","TOT","PC_PA","Q","2010-Q4",4.698936,
"ESP","LTINT","TOT","PC_PA","Q","2011-Q1",5.295523,
"ESP","LTINT","TOT","PC_PA","Q","2011-Q2",5.376927,
"ESP","LTINT","TOT","PC_PA","Q","2011-Q3",5.425811,
"ESP","LTINT","TOT","PC_PA","Q","2011-Q4",5.649316,
"ESP","LTINT","TOT","PC_PA","Q","2012-Q1",5.226703,
"ESP","LTINT","TOT","PC_PA","Q","2012-Q2",6.168309,
"ESP","LTINT","TOT","PC_PA","Q","2012-Q3",6.432262,
"ESP","LTINT","TOT","PC_PA","Q","2012-Q4",5.558876,
"ESP","LTINT","TOT","PC_PA","Q","2013-Q1",5.063308,
"ESP","LTINT","TOT","PC_PA","Q","2013-Q2",4.502705,
"ESP","LTINT","TOT","PC_PA","Q","2013-Q3",4.528087,
"ESP","LTINT","TOT","PC_PA","Q","2013-Q4",4.153749,
"ESP","LTINT","TOT","PC_PA","Q","2014-Q1",3.55275,
"ESP","LTINT","TOT","PC_PA","Q","2014-Q2",2.916685,
"ESP","LTINT","TOT","PC_PA","Q","2014-Q3",2.428815,
"ESP","LTINT","TOT","PC_PA","Q","2014-Q4",1.989074,
"ESP","LTINT","TOT","PC_PA","Q","2015-Q1",1.427004,
"ESP","LTINT","TOT","PC_PA","Q","2015-Q2",1.772445,
"ESP","LTINT","TOT","PC_PA","Q","2015-Q3",2.027077,
"ESP","LTINT","TOT","PC_PA","Q","2015-Q4",1.713822,
"ESP","LTINT","TOT","PC_PA","Q","2016-Q1",1.667412,
"ESP","LTINT","TOT","PC_PA","Q","2016-Q2",1.519993,
"ESP","LTINT","TOT","PC_PA","Q","2016-Q3",1.07477,
"ESP","LTINT","TOT","PC_PA","Q","2016-Q4",1.311035,
"ESP","LTINT","TOT","PC_PA","Q","2017-Q1",1.628947,
"ESP","LTINT","TOT","PC_PA","Q","2017-Q2",1.546168,
"ESP","LTINT","TOT","PC_PA","Q","2017-Q3",1.54132,
"ESP","LTINT","TOT","PC_PA","Q","2017-Q4",1.515029,
"ESP","LTINT","TOT","PC_PA","Q","2018-Q1",1.447094,
"ESP","LTINT","TOT","PC_PA","Q","2018-Q2",1.325674,
"ESP","LTINT","TOT","PC_PA","Q","2018-Q3",1.377246,
"ESP","LTINT","TOT","PC_PA","Q","2018-Q4",1.527395,
"ESP","LTINT","TOT","PC_PA","Q","2019-Q1",1.262193,
"ESP","LTINT","TOT","PC_PA","Q","2019-Q2",0.813794,
"ESP","LTINT","TOT","PC_PA","Q","2019-Q3",0.2267614,
"ESP","LTINT","TOT","PC_PA","Q","2019-Q4",0.3413247,
"ESP","LTINT","TOT","PC_PA","Q","2020-Q1",0.4007939,
"ESP","LTINT","TOT","PC_PA","Q","2020-Q2",0.6955335,
"ESP","LTINT","TOT","PC_PA","Q","2020-Q3",0.3194302,
"ESP","LTINT","TOT","PC_PA","Q","2020-Q4",0.102153,
"ESP","LTINT","TOT","PC_PA","Q","2021-Q1",0.2044696,
"ESP","LTINT","TOT","PC_PA","Q","2021-Q2",0.4431071,
"ESP","LTINT","TOT","PC_PA","Q","2021-Q3",0.2937576,
"ESP","LTINT","TOT","PC_PA","Q","2021-Q4",0.4536667,
"ESP","LTINT","TOT","PC_PA","Q","2022-Q1",1.000674,
"ESP","LTINT","TOT","PC_PA","Q","2022-Q2",2.129779,
"ESP","LTINT","TOT","PC_PA","Q","2022-Q3",2.487051,
"ESP","LTINT","TOT","PC_PA","Q","2022-Q4",3.17673,
"ESP","LTINT","TOT","PC_PA","Q","2023-Q1",3.351608,
"SWE","LTINT","TOT","PC_PA","Q","1995-Q1",10.96333,
"SWE","LTINT","TOT","PC_PA","Q","1995-Q2",10.91333,
"SWE","LTINT","TOT","PC_PA","Q","1995-Q3",10.13667,
"SWE","LTINT","TOT","PC_PA","Q","1995-Q4",8.963333,
"SWE","LTINT","TOT","PC_PA","Q","1996-Q1",8.58,
"SWE","LTINT","TOT","PC_PA","Q","1996-Q2",8.37,
"SWE","LTINT","TOT","PC_PA","Q","1996-Q3",8.056666,
"SWE","LTINT","TOT","PC_PA","Q","1996-Q4",7.1,
"SWE","LTINT","TOT","PC_PA","Q","1997-Q1",6.84,
"SWE","LTINT","TOT","PC_PA","Q","1997-Q2",7,
"SWE","LTINT","TOT","PC_PA","Q","1997-Q3",6.433333,
"SWE","LTINT","TOT","PC_PA","Q","1997-Q4",6.183333,
"SWE","LTINT","TOT","PC_PA","Q","1998-Q1",5.51,
"SWE","LTINT","TOT","PC_PA","Q","1998-Q2",5.126667,
"SWE","LTINT","TOT","PC_PA","Q","1998-Q3",4.813334,
"SWE","LTINT","TOT","PC_PA","Q","1998-Q4",4.506667,
"SWE","LTINT","TOT","PC_PA","Q","1999-Q1",4.213333,
"SWE","LTINT","TOT","PC_PA","Q","1999-Q2",4.536667,
"SWE","LTINT","TOT","PC_PA","Q","1999-Q3",5.48,
"SWE","LTINT","TOT","PC_PA","Q","1999-Q4",5.69,
"SWE","LTINT","TOT","PC_PA","Q","2000-Q1",5.786667,
"SWE","LTINT","TOT","PC_PA","Q","2000-Q2",5.296667,
"SWE","LTINT","TOT","PC_PA","Q","2000-Q3",5.293334,
"SWE","LTINT","TOT","PC_PA","Q","2000-Q4",5.093333,
"SWE","LTINT","TOT","PC_PA","Q","2001-Q1",4.833333,
"SWE","LTINT","TOT","PC_PA","Q","2001-Q2",5.193333,
"SWE","LTINT","TOT","PC_PA","Q","2001-Q3",5.28,
"SWE","LTINT","TOT","PC_PA","Q","2001-Q4",5.123333,
"SWE","LTINT","TOT","PC_PA","Q","2002-Q1",5.42,
"SWE","LTINT","TOT","PC_PA","Q","2002-Q2",5.633333,
"SWE","LTINT","TOT","PC_PA","Q","2002-Q3",5.156667,
"SWE","LTINT","TOT","PC_PA","Q","2002-Q4",5.003334,
"SWE","LTINT","TOT","PC_PA","Q","2003-Q1",4.58,
"SWE","LTINT","TOT","PC_PA","Q","2003-Q2",4.43,
"SWE","LTINT","TOT","PC_PA","Q","2003-Q3",4.646667,
"SWE","LTINT","TOT","PC_PA","Q","2003-Q4",4.896667,
"SWE","LTINT","TOT","PC_PA","Q","2004-Q1",4.503334,
"SWE","LTINT","TOT","PC_PA","Q","2004-Q2",4.65,
"SWE","LTINT","TOT","PC_PA","Q","2004-Q3",4.453333,
"SWE","LTINT","TOT","PC_PA","Q","2004-Q4",4.093333,
"SWE","LTINT","TOT","PC_PA","Q","2005-Q1",3.82,
"SWE","LTINT","TOT","PC_PA","Q","2005-Q2",3.343333,
"SWE","LTINT","TOT","PC_PA","Q","2005-Q3",3.06,
"SWE","LTINT","TOT","PC_PA","Q","2005-Q4",3.306667,
"SWE","LTINT","TOT","PC_PA","Q","2006-Q1",3.43,
"SWE","LTINT","TOT","PC_PA","Q","2006-Q2",3.886667,
"SWE","LTINT","TOT","PC_PA","Q","2006-Q3",3.833333,
"SWE","LTINT","TOT","PC_PA","Q","2006-Q4",3.666667,
"SWE","LTINT","TOT","PC_PA","Q","2007-Q1",3.873333,
"SWE","LTINT","TOT","PC_PA","Q","2007-Q2",4.21,
"SWE","LTINT","TOT","PC_PA","Q","2007-Q3",4.306667,
"SWE","LTINT","TOT","PC_PA","Q","2007-Q4",4.28,
"SWE","LTINT","TOT","PC_PA","Q","2008-Q1",4.006667,
"SWE","LTINT","TOT","PC_PA","Q","2008-Q2",4.223333,
"SWE","LTINT","TOT","PC_PA","Q","2008-Q3",4.126667,
"SWE","LTINT","TOT","PC_PA","Q","2008-Q4",3.193333,
"SWE","LTINT","TOT","PC_PA","Q","2009-Q1",2.89,
"SWE","LTINT","TOT","PC_PA","Q","2009-Q2",3.456667,
"SWE","LTINT","TOT","PC_PA","Q","2009-Q3",3.4,
"SWE","LTINT","TOT","PC_PA","Q","2009-Q4",3.253333,
"SWE","LTINT","TOT","PC_PA","Q","2010-Q1",3.283333,
"SWE","LTINT","TOT","PC_PA","Q","2010-Q2",2.826667,
"SWE","LTINT","TOT","PC_PA","Q","2010-Q3",2.56,
"SWE","LTINT","TOT","PC_PA","Q","2010-Q4",2.903333,
"SWE","LTINT","TOT","PC_PA","Q","2011-Q1",3.346667,
"SWE","LTINT","TOT","PC_PA","Q","2011-Q2",3.066667,
"SWE","LTINT","TOT","PC_PA","Q","2011-Q3",2.25,
"SWE","LTINT","TOT","PC_PA","Q","2011-Q4",1.756667,
"SWE","LTINT","TOT","PC_PA","Q","2012-Q1",1.846667,
"SWE","LTINT","TOT","PC_PA","Q","2012-Q2",1.593333,
"SWE","LTINT","TOT","PC_PA","Q","2012-Q3",1.426667,
"SWE","LTINT","TOT","PC_PA","Q","2012-Q4",1.503333,
"SWE","LTINT","TOT","PC_PA","Q","2013-Q1",1.906667,
"SWE","LTINT","TOT","PC_PA","Q","2013-Q2",1.833333,
"SWE","LTINT","TOT","PC_PA","Q","2013-Q3",2.366667,
"SWE","LTINT","TOT","PC_PA","Q","2013-Q4",2.376667,
"SWE","LTINT","TOT","PC_PA","Q","2014-Q1",2.253333,
"SWE","LTINT","TOT","PC_PA","Q","2014-Q2",1.913333,
"SWE","LTINT","TOT","PC_PA","Q","2014-Q3",1.563333,
"SWE","LTINT","TOT","PC_PA","Q","2014-Q4",1.15,
"SWE","LTINT","TOT","PC_PA","Q","2015-Q1",0.66,
"SWE","LTINT","TOT","PC_PA","Q","2015-Q2",0.6933333,
"SWE","LTINT","TOT","PC_PA","Q","2015-Q3",0.7266667,
"SWE","LTINT","TOT","PC_PA","Q","2015-Q4",0.7966667,
"SWE","LTINT","TOT","PC_PA","Q","2016-Q1",0.7866667,
"SWE","LTINT","TOT","PC_PA","Q","2016-Q2",0.7,
"SWE","LTINT","TOT","PC_PA","Q","2016-Q3",0.1633333,
"SWE","LTINT","TOT","PC_PA","Q","2016-Q4",0.4266667,
"SWE","LTINT","TOT","PC_PA","Q","2017-Q1",0.6666667,
"SWE","LTINT","TOT","PC_PA","Q","2017-Q2",0.53,
"SWE","LTINT","TOT","PC_PA","Q","2017-Q3",0.6366667,
"SWE","LTINT","TOT","PC_PA","Q","2017-Q4",0.7866667,
"SWE","LTINT","TOT","PC_PA","Q","2018-Q1",0.8433333,
"SWE","LTINT","TOT","PC_PA","Q","2018-Q2",0.64,
"SWE","LTINT","TOT","PC_PA","Q","2018-Q3",0.5433334,
"SWE","LTINT","TOT","PC_PA","Q","2018-Q4",0.58,
"SWE","LTINT","TOT","PC_PA","Q","2019-Q1",0.36,
"SWE","LTINT","TOT","PC_PA","Q","2019-Q2",0.2128,
"SWE","LTINT","TOT","PC_PA","Q","2019-Q3",-0.1663667,
"SWE","LTINT","TOT","PC_PA","Q","2019-Q4",-0.0314,
"SWE","LTINT","TOT","PC_PA","Q","2020-Q1",-0.03593333,
"SWE","LTINT","TOT","PC_PA","Q","2020-Q2",-0.04293333,
"SWE","LTINT","TOT","PC_PA","Q","2020-Q3",-0.06536666,
"SWE","LTINT","TOT","PC_PA","Q","2020-Q4",-0.007833334,
"SWE","LTINT","TOT","PC_PA","Q","2021-Q1",0.2386333,
"SWE","LTINT","TOT","PC_PA","Q","2021-Q2",0.3843,
"SWE","LTINT","TOT","PC_PA","Q","2021-Q3",0.1868333,
"SWE","LTINT","TOT","PC_PA","Q","2021-Q4",0.2617667,
"SWE","LTINT","TOT","PC_PA","Q","2022-Q1",0.5956,
"SWE","LTINT","TOT","PC_PA","Q","2022-Q2",1.700067,
"SWE","LTINT","TOT","PC_PA","Q","2022-Q3",1.738867,
"SWE","LTINT","TOT","PC_PA","Q","2022-Q4",2.0604,
"SWE","LTINT","TOT","PC_PA","Q","2023-Q1",2.267267,
"GBR","LTINT","TOT","PC_PA","Q","1995-Q1",8.661467,
"GBR","LTINT","TOT","PC_PA","Q","1995-Q2",8.242567,
"GBR","LTINT","TOT","PC_PA","Q","1995-Q3",8.108933,
"GBR","LTINT","TOT","PC_PA","Q","1995-Q4",7.788167,
"GBR","LTINT","TOT","PC_PA","Q","1996-Q1",7.7532,
"GBR","LTINT","TOT","PC_PA","Q","1996-Q2",8.0671,
"GBR","LTINT","TOT","PC_PA","Q","1996-Q3",7.851067,
"GBR","LTINT","TOT","PC_PA","Q","1996-Q4",7.569366,
"GBR","LTINT","TOT","PC_PA","Q","1997-Q1",7.401933,
"GBR","LTINT","TOT","PC_PA","Q","1997-Q2",7.315967,
"GBR","LTINT","TOT","PC_PA","Q","1997-Q3",6.989533,
"GBR","LTINT","TOT","PC_PA","Q","1997-Q4",6.502934,
"GBR","LTINT","TOT","PC_PA","Q","1998-Q1",6.0453,
"GBR","LTINT","TOT","PC_PA","Q","1998-Q2",5.821333,
"GBR","LTINT","TOT","PC_PA","Q","1998-Q3",5.517833,
"GBR","LTINT","TOT","PC_PA","Q","1998-Q4",4.819366,
"GBR","LTINT","TOT","PC_PA","Q","1999-Q1",4.458034,
"GBR","LTINT","TOT","PC_PA","Q","1999-Q2",4.890133,
"GBR","LTINT","TOT","PC_PA","Q","1999-Q3",5.498067,
"GBR","LTINT","TOT","PC_PA","Q","1999-Q4",5.527867,
"GBR","LTINT","TOT","PC_PA","Q","2000-Q1",5.609367,
"GBR","LTINT","TOT","PC_PA","Q","2000-Q2",5.311433,
"GBR","LTINT","TOT","PC_PA","Q","2000-Q3",5.3191,
"GBR","LTINT","TOT","PC_PA","Q","2000-Q4",5.076,
"GBR","LTINT","TOT","PC_PA","Q","2001-Q1",4.791633,
"GBR","LTINT","TOT","PC_PA","Q","2001-Q2",5.085733,
"GBR","LTINT","TOT","PC_PA","Q","2001-Q3",5.0589,
"GBR","LTINT","TOT","PC_PA","Q","2001-Q4",4.781734,
"GBR","LTINT","TOT","PC_PA","Q","2002-Q1",5.0208,
"GBR","LTINT","TOT","PC_PA","Q","2002-Q2",5.200333,
"GBR","LTINT","TOT","PC_PA","Q","2002-Q3",4.749767,
"GBR","LTINT","TOT","PC_PA","Q","2002-Q4",4.606067,
"GBR","LTINT","TOT","PC_PA","Q","2003-Q1",4.3091,
"GBR","LTINT","TOT","PC_PA","Q","2003-Q2",4.266233,
"GBR","LTINT","TOT","PC_PA","Q","2003-Q3",4.575,
"GBR","LTINT","TOT","PC_PA","Q","2003-Q4",4.956033,
"GBR","LTINT","TOT","PC_PA","Q","2004-Q1",4.7673,
"GBR","LTINT","TOT","PC_PA","Q","2004-Q2",5.0896,
"GBR","LTINT","TOT","PC_PA","Q","2004-Q3",5.008767,
"GBR","LTINT","TOT","PC_PA","Q","2004-Q4",4.6634,
"GBR","LTINT","TOT","PC_PA","Q","2005-Q1",4.6421,
"GBR","LTINT","TOT","PC_PA","Q","2005-Q2",4.441267,
"GBR","LTINT","TOT","PC_PA","Q","2005-Q3",4.278967,
"GBR","LTINT","TOT","PC_PA","Q","2005-Q4",4.293233,
"GBR","LTINT","TOT","PC_PA","Q","2006-Q1",4.1824,
"GBR","LTINT","TOT","PC_PA","Q","2006-Q2",4.610333,
"GBR","LTINT","TOT","PC_PA","Q","2006-Q3",4.620567,
"GBR","LTINT","TOT","PC_PA","Q","2006-Q4",4.5934,
"GBR","LTINT","TOT","PC_PA","Q","2007-Q1",4.8616,
"GBR","LTINT","TOT","PC_PA","Q","2007-Q2",5.207267,
"GBR","LTINT","TOT","PC_PA","Q","2007-Q3",5.1837,
"GBR","LTINT","TOT","PC_PA","Q","2007-Q4",4.792533,
"GBR","LTINT","TOT","PC_PA","Q","2008-Q1",4.5203,
"GBR","LTINT","TOT","PC_PA","Q","2008-Q2",4.907267,
"GBR","LTINT","TOT","PC_PA","Q","2008-Q3",4.782067,
"GBR","LTINT","TOT","PC_PA","Q","2008-Q4",4.153266,
"GBR","LTINT","TOT","PC_PA","Q","2009-Q1",3.5365,
"GBR","LTINT","TOT","PC_PA","Q","2009-Q2",3.5833,
"GBR","LTINT","TOT","PC_PA","Q","2009-Q3",3.731533,
"GBR","LTINT","TOT","PC_PA","Q","2009-Q4",3.738733,
"GBR","LTINT","TOT","PC_PA","Q","2010-Q1",4.052134,
"GBR","LTINT","TOT","PC_PA","Q","2010-Q2",3.8262,
"GBR","LTINT","TOT","PC_PA","Q","2010-Q3",3.2896,
"GBR","LTINT","TOT","PC_PA","Q","2010-Q4",3.329767,
"GBR","LTINT","TOT","PC_PA","Q","2011-Q1",3.781933,
"GBR","LTINT","TOT","PC_PA","Q","2011-Q2",3.560533,
"GBR","LTINT","TOT","PC_PA","Q","2011-Q3",2.867,
"GBR","LTINT","TOT","PC_PA","Q","2011-Q4",2.3345,
"GBR","LTINT","TOT","PC_PA","Q","2012-Q1",2.2175,
"GBR","LTINT","TOT","PC_PA","Q","2012-Q2",1.974367,
"GBR","LTINT","TOT","PC_PA","Q","2012-Q3",1.682667,
"GBR","LTINT","TOT","PC_PA","Q","2012-Q4",1.797633,
"GBR","LTINT","TOT","PC_PA","Q","2013-Q1",2.078133,
"GBR","LTINT","TOT","PC_PA","Q","2013-Q2",2.011633,
"GBR","LTINT","TOT","PC_PA","Q","2013-Q3",2.6747,
"GBR","LTINT","TOT","PC_PA","Q","2013-Q4",2.794667,
"GBR","LTINT","TOT","PC_PA","Q","2014-Q1",2.836133,
"GBR","LTINT","TOT","PC_PA","Q","2014-Q2",2.7416,
"GBR","LTINT","TOT","PC_PA","Q","2014-Q3",2.586967,
"GBR","LTINT","TOT","PC_PA","Q","2014-Q4",2.111633,
"GBR","LTINT","TOT","PC_PA","Q","2015-Q1",1.706533,
"GBR","LTINT","TOT","PC_PA","Q","2015-Q2",1.982967,
"GBR","LTINT","TOT","PC_PA","Q","2015-Q3",1.998867,
"GBR","LTINT","TOT","PC_PA","Q","2015-Q4",1.915767,
"GBR","LTINT","TOT","PC_PA","Q","2016-Q1",1.609967,
"GBR","LTINT","TOT","PC_PA","Q","2016-Q2",1.471967,
"GBR","LTINT","TOT","PC_PA","Q","2016-Q3",0.8411,
"GBR","LTINT","TOT","PC_PA","Q","2016-Q4",1.2978,
"GBR","LTINT","TOT","PC_PA","Q","2017-Q1",1.3067,
"GBR","LTINT","TOT","PC_PA","Q","2017-Q2",1.093667,
"GBR","LTINT","TOT","PC_PA","Q","2017-Q3",1.213,
"GBR","LTINT","TOT","PC_PA","Q","2017-Q4",1.329867,
"GBR","LTINT","TOT","PC_PA","Q","2018-Q1",1.5015,
"GBR","LTINT","TOT","PC_PA","Q","2018-Q2",1.478433,
"GBR","LTINT","TOT","PC_PA","Q","2018-Q3",1.4251,
"GBR","LTINT","TOT","PC_PA","Q","2018-Q4",1.4376,
"GBR","LTINT","TOT","PC_PA","Q","2019-Q1",1.250367,
"GBR","LTINT","TOT","PC_PA","Q","2019-Q2",1.079867,
"GBR","LTINT","TOT","PC_PA","Q","2019-Q3",0.6687,
"GBR","LTINT","TOT","PC_PA","Q","2019-Q4",0.7443666,
"GBR","LTINT","TOT","PC_PA","Q","2020-Q1",0.6058,
"GBR","LTINT","TOT","PC_PA","Q","2020-Q2",0.3033333,
"GBR","LTINT","TOT","PC_PA","Q","2020-Q3",0.2513667,
"GBR","LTINT","TOT","PC_PA","Q","2020-Q4",0.3372667,
"GBR","LTINT","TOT","PC_PA","Q","2021-Q1",0.6116667,
"GBR","LTINT","TOT","PC_PA","Q","2021-Q2",0.8707333,
"GBR","LTINT","TOT","PC_PA","Q","2021-Q3",0.7147334,
"GBR","LTINT","TOT","PC_PA","Q","2021-Q4",0.9533,
"GBR","LTINT","TOT","PC_PA","Q","2022-Q1",1.4133,
"GBR","LTINT","TOT","PC_PA","Q","2022-Q2",2.041833,
"GBR","LTINT","TOT","PC_PA","Q","2022-Q3",2.657967,
"GBR","LTINT","TOT","PC_PA","Q","2022-Q4",3.676067,
"GBR","LTINT","TOT","PC_PA","Q","2023-Q1",3.543533,
"USA","LTINT","TOT","PC_PA","Q","1995-Q1",7.483333,
"USA","LTINT","TOT","PC_PA","Q","1995-Q2",6.62,
"USA","LTINT","TOT","PC_PA","Q","1995-Q3",6.323333,
"USA","LTINT","TOT","PC_PA","Q","1995-Q4",5.893333,
"USA","LTINT","TOT","PC_PA","Q","1996-Q1",5.91,
"USA","LTINT","TOT","PC_PA","Q","1996-Q2",6.72,
"USA","LTINT","TOT","PC_PA","Q","1996-Q3",6.78,
"USA","LTINT","TOT","PC_PA","Q","1996-Q4",6.343333,
"USA","LTINT","TOT","PC_PA","Q","1997-Q1",6.563334,
"USA","LTINT","TOT","PC_PA","Q","1997-Q2",6.696667,
"USA","LTINT","TOT","PC_PA","Q","1997-Q3",6.243333,
"USA","LTINT","TOT","PC_PA","Q","1997-Q4",5.906667,
"USA","LTINT","TOT","PC_PA","Q","1998-Q1",5.586667,
"USA","LTINT","TOT","PC_PA","Q","1998-Q2",5.596667,
"USA","LTINT","TOT","PC_PA","Q","1998-Q3",5.203333,
"USA","LTINT","TOT","PC_PA","Q","1998-Q4",4.67,
"USA","LTINT","TOT","PC_PA","Q","1999-Q1",4.983333,
"USA","LTINT","TOT","PC_PA","Q","1999-Q2",5.54,
"USA","LTINT","TOT","PC_PA","Q","1999-Q3",5.883333,
"USA","LTINT","TOT","PC_PA","Q","1999-Q4",6.14,
"USA","LTINT","TOT","PC_PA","Q","2000-Q1",6.48,
"USA","LTINT","TOT","PC_PA","Q","2000-Q2",6.176667,
"USA","LTINT","TOT","PC_PA","Q","2000-Q3",5.893333,
"USA","LTINT","TOT","PC_PA","Q","2000-Q4",5.566667,
"USA","LTINT","TOT","PC_PA","Q","2001-Q1",5.05,
"USA","LTINT","TOT","PC_PA","Q","2001-Q2",5.27,
"USA","LTINT","TOT","PC_PA","Q","2001-Q3",4.98,
"USA","LTINT","TOT","PC_PA","Q","2001-Q4",4.77,
"USA","LTINT","TOT","PC_PA","Q","2002-Q1",5.076667,
"USA","LTINT","TOT","PC_PA","Q","2002-Q2",5.1,
"USA","LTINT","TOT","PC_PA","Q","2002-Q3",4.26,
"USA","LTINT","TOT","PC_PA","Q","2002-Q4",4.006667,
"USA","LTINT","TOT","PC_PA","Q","2003-Q1",3.92,
"USA","LTINT","TOT","PC_PA","Q","2003-Q2",3.62,
"USA","LTINT","TOT","PC_PA","Q","2003-Q3",4.233333,
"USA","LTINT","TOT","PC_PA","Q","2003-Q4",4.286667,
"USA","LTINT","TOT","PC_PA","Q","2004-Q1",4.02,
"USA","LTINT","TOT","PC_PA","Q","2004-Q2",4.6,
"USA","LTINT","TOT","PC_PA","Q","2004-Q3",4.303333,
"USA","LTINT","TOT","PC_PA","Q","2004-Q4",4.173333,
"USA","LTINT","TOT","PC_PA","Q","2005-Q1",4.296667,
"USA","LTINT","TOT","PC_PA","Q","2005-Q2",4.16,
"USA","LTINT","TOT","PC_PA","Q","2005-Q3",4.213333,
"USA","LTINT","TOT","PC_PA","Q","2005-Q4",4.49,
"USA","LTINT","TOT","PC_PA","Q","2006-Q1",4.57,
"USA","LTINT","TOT","PC_PA","Q","2006-Q2",5.07,
"USA","LTINT","TOT","PC_PA","Q","2006-Q3",4.896667,
"USA","LTINT","TOT","PC_PA","Q","2006-Q4",4.63,
"USA","LTINT","TOT","PC_PA","Q","2007-Q1",4.68,
"USA","LTINT","TOT","PC_PA","Q","2007-Q2",4.846667,
"USA","LTINT","TOT","PC_PA","Q","2007-Q3",4.73,
"USA","LTINT","TOT","PC_PA","Q","2007-Q4",4.26,
"USA","LTINT","TOT","PC_PA","Q","2008-Q1",3.663333,
"USA","LTINT","TOT","PC_PA","Q","2008-Q2",3.886667,
"USA","LTINT","TOT","PC_PA","Q","2008-Q3",3.863333,
"USA","LTINT","TOT","PC_PA","Q","2008-Q4",3.253333,
"USA","LTINT","TOT","PC_PA","Q","2009-Q1",2.736667,
"USA","LTINT","TOT","PC_PA","Q","2009-Q2",3.313333,
"USA","LTINT","TOT","PC_PA","Q","2009-Q3",3.516667,
"USA","LTINT","TOT","PC_PA","Q","2009-Q4",3.46,
"USA","LTINT","TOT","PC_PA","Q","2010-Q1",3.716667,
"USA","LTINT","TOT","PC_PA","Q","2010-Q2",3.49,
"USA","LTINT","TOT","PC_PA","Q","2010-Q3",2.786667,
"USA","LTINT","TOT","PC_PA","Q","2010-Q4",2.863333,
"USA","LTINT","TOT","PC_PA","Q","2011-Q1",3.46,
"USA","LTINT","TOT","PC_PA","Q","2011-Q2",3.21,
"USA","LTINT","TOT","PC_PA","Q","2011-Q3",2.426667,
"USA","LTINT","TOT","PC_PA","Q","2011-Q4",2.046667,
"USA","LTINT","TOT","PC_PA","Q","2012-Q1",2.036667,
"USA","LTINT","TOT","PC_PA","Q","2012-Q2",1.823333,
"USA","LTINT","TOT","PC_PA","Q","2012-Q3",1.643333,
"USA","LTINT","TOT","PC_PA","Q","2012-Q4",1.706667,
"USA","LTINT","TOT","PC_PA","Q","2013-Q1",1.95,
"USA","LTINT","TOT","PC_PA","Q","2013-Q2",1.996667,
"USA","LTINT","TOT","PC_PA","Q","2013-Q3",2.71,
"USA","LTINT","TOT","PC_PA","Q","2013-Q4",2.746667,
"USA","LTINT","TOT","PC_PA","Q","2014-Q1",2.763333,
"USA","LTINT","TOT","PC_PA","Q","2014-Q2",2.623333,
"USA","LTINT","TOT","PC_PA","Q","2014-Q3",2.496667,
"USA","LTINT","TOT","PC_PA","Q","2014-Q4",2.28,
"USA","LTINT","TOT","PC_PA","Q","2015-Q1",1.966667,
"USA","LTINT","TOT","PC_PA","Q","2015-Q2",2.166667,
"USA","LTINT","TOT","PC_PA","Q","2015-Q3",2.22,
"USA","LTINT","TOT","PC_PA","Q","2015-Q4",2.19,
"USA","LTINT","TOT","PC_PA","Q","2016-Q1",1.92,
"USA","LTINT","TOT","PC_PA","Q","2016-Q2",1.753333,
"USA","LTINT","TOT","PC_PA","Q","2016-Q3",1.563333,
"USA","LTINT","TOT","PC_PA","Q","2016-Q4",2.13,
"USA","LTINT","TOT","PC_PA","Q","2017-Q1",2.443333,
"USA","LTINT","TOT","PC_PA","Q","2017-Q2",2.263333,
"USA","LTINT","TOT","PC_PA","Q","2017-Q3",2.243333,
"USA","LTINT","TOT","PC_PA","Q","2017-Q4",2.37,
"USA","LTINT","TOT","PC_PA","Q","2018-Q1",2.76,
"USA","LTINT","TOT","PC_PA","Q","2018-Q2",2.92,
"USA","LTINT","TOT","PC_PA","Q","2018-Q3",2.926667,
"USA","LTINT","TOT","PC_PA","Q","2018-Q4",3.033333,
"USA","LTINT","TOT","PC_PA","Q","2019-Q1",2.653333,
"USA","LTINT","TOT","PC_PA","Q","2019-Q2",2.333333,
"USA","LTINT","TOT","PC_PA","Q","2019-Q3",1.796667,
"USA","LTINT","TOT","PC_PA","Q","2019-Q4",1.793333,
"USA","LTINT","TOT","PC_PA","Q","2020-Q1",1.376667,
"USA","LTINT","TOT","PC_PA","Q","2020-Q2",0.6866667,
"USA","LTINT","TOT","PC_PA","Q","2020-Q3",0.65,
"USA","LTINT","TOT","PC_PA","Q","2020-Q4",0.8633333,
"USA","LTINT","TOT","PC_PA","Q","2021-Q1",1.316667,
"USA","LTINT","TOT","PC_PA","Q","2021-Q2",1.593333,
"USA","LTINT","TOT","PC_PA","Q","2021-Q3",1.323333,
"USA","LTINT","TOT","PC_PA","Q","2021-Q4",1.536667,
"USA","LTINT","TOT","PC_PA","Q","2022-Q1",1.94,
"USA","LTINT","TOT","PC_PA","Q","2022-Q2",2.93,
"USA","LTINT","TOT","PC_PA","Q","2022-Q3",3.106667,
"USA","LTINT","TOT","PC_PA","Q","2022-Q4",3.83,
"USA","LTINT","TOT","PC_PA","Q","2023-Q1",3.646667,